trial,seed,base_duration,imp_duration,min_cost,base_cost,imp_cost
0,708951993526,5604,888,1.0265823043959306E8,1.2926974024351478E8,1.0914038730233824E8
1,721902205369,5652,1066,1.0486702667939818E8,1.3253696785586873E8,1.114756933460647E8
2,722073799967,5973,869,1.0487435017052928E8,1.3212740899405849E8,1.113166835038625E8
3,722234217073,6103,966,1.084664463250791E8,1.353081914231181E8,1.1496326985449094E8
4,722307238241,6116,1013,1.1118320282640001E8,1.389614185126745E8,1.1761522243424323E8
5,722366821827,6073,968,1.0834010300113027E8,1.3612990692269894E8,1.150816324128951E8
6,722416245636,5566,950,1.0348656375467749E8,1.2898205395075615E8,1.0981201473506947E8
7,722459452578,6409,891,1.089139003121712E8,1.3726303756707335E8,1.1527786109648499E8
8,722499634707,6086,716,1.0775531272050029E8,1.3388760683814766E8,1.1369688134795144E8
9,722552417054,5742,719,1.065446840586861E8,1.3268611543123505E8,1.1244605660770585E8
10,722595435165,5922,992,1.0739069083762608E8,1.341342006415477E8,1.137985927984104E8
11,722638895990,5503,732,9.99678253066399E7,1.2670168805173793E8,1.059232762870322E8
12,722684565674,5472,800,1.0821988117606509E8,1.351376458819473E8,1.143773517643004E8
13,722729032889,6024,932,1.1154491938138993E8,1.379933115382527E8,1.1752031153825252E8
14,722769208958,5753,865,1.0389918737057795E8,1.30542775605872E8,1.1026120697842109E8
15,722810659607,5602,912,1.0386277145339401E8,1.2961984988476655E8,1.1000079106123708E8
16,722853571593,5886,796,9.900697277606533E7,1.2431042375645746E8,1.0493985512900645E8
17,722902210922,5765,915,1.0343512626495165E8,1.3018522430416727E8,1.0941955763750073E8
18,722945555794,5471,687,1.0337131994878566E8,1.2826281014486407E8,1.091359866154521E8
19,722984879563,6154,937,1.0411771034064241E8,1.3209753387005436E8,1.1032125936025058E8
20,723025520195,6486,884,1.0396342262587892E8,1.3176544223372222E8,1.1049575595921224E8
21,723069251943,5778,852,1.0636846512402599E8,1.3401203375147678E8,1.1252489649657483E8
22,723111835824,5861,905,1.0088964650592494E8,1.2712137199612097E8,1.0720307787847386E8
23,723168747250,6184,805,1.02554958598727E8,1.3088678212813893E8,1.0899786055951136E8
24,723212441696,5931,806,1.1243773136073777E8,1.41809064694071E8,1.1912743724309053E8
25,723263098847,6118,994,1.047596190130574E8,1.3228144254246914E8,1.1117436411109672E8
26,723307252115,6498,920,1.0526763377887598E8,1.3404628083769941E8,1.1195937887691517E8
27,723352412434,5733,969,1.0285528688503577E8,1.2806597315954581E8,1.0888677708111426E8
28,723402564125,5776,817,1.0331412688540284E8,1.3019075433638333E8,1.0915912688540298E8
29,723440659919,6431,990,1.0550826387351456E8,1.3426279328527915E8,1.1204500897155362E8
30,723482366773,5818,888,1.0790942946363527E8,1.3573019416951776E8,1.143907235812824E8
31,723525846515,5781,937,1.0562334230527261E8,1.344725579915472E8,1.1224642073664519E8
32,723567326972,5900,832,1.0405062532987355E8,1.2930929199654025E8,1.1009888023183428E8
33,723609469395,5724,751,1.026042736514261E8,1.2837143051417118E8,1.0861974423966141E8
34,723648255415,5880,913,1.1130059554123397E8,1.390317327961359E8,1.1781516416868494E8
35,723689574017,5655,756,1.0285298517927532E8,1.2711671066947174E8,1.0846859302241278E8
36,723724786565,5263,882,1.028133055805418E8,1.2790256048250258E8,1.0904038401191452E8
37,723760482110,5549,788,1.0231614962970452E8,1.2820879668852821E8,1.0854958100225371E8
38,723797588123,6052,917,1.0441473883739908E8,1.319392682491639E8,1.106421702099481E8
39,723839496481,6027,918,1.0652209919623022E8,1.3423133449034795E8,1.1280958939230868E8
40,723876718773,6111,1035,1.0616860455815008E8,1.3336797710716957E8,1.125651927934442E8
41,723926925595,5587,819,1.0552587489680018E8,1.3146852195562363E8,1.1170642391640808E8
42,723966972789,5999,914,1.0677625056784767E8,1.3513072115608296E8,1.1307962311686724E8
43,724006564830,5442,804,9.760336565431988E7,1.2148893428177103E8,1.0323877741902587E8
44,724042462916,6372,1093,1.0849100499339344E8,1.3719608342476577E8,1.1524431871888348E8
45,724083900009,5759,773,1.108428584161156E8,1.3803691723964494E8,1.17404779984743E8
46,724121264803,5981,938,1.042093927719132E8,1.3132564767387387E8,1.1040827512485427E8
47,724155389473,6195,898,1.0893200278206111E8,1.393141400369632E8,1.1538543415461017E8
48,724197584886,5578,897,1.0940326451171623E8,1.355784213744614E8,1.1546099000191243E8
49,724239729835,5623,926,1.0739709838449898E8,1.3269725524724403E8,1.134689219139106E8
50,724272925332,6211,818,1.1065299301581834E8,1.3894130674130833E8,1.169444047805241E8
51,724318638086,6302,939,1.0418409447667195E8,1.3247166310412301E8,1.107264278100052E8
52,724363317912,6121,835,1.0659231710927485E8,1.3347059161907893E8,1.1284308181515719E8
53,724397618684,5862,845,1.042848770352423E8,1.318278182117129E8,1.1053495546661481E8
54,724437908984,5822,756,1.094505085143355E8,1.365930183182569E8,1.1576666537708057E8
55,724474558049,5712,897,1.0191961992509401E8,1.2834752188587838E8,1.0836607090548617E8
56,724522721468,5665,845,1.0622859896985078E8,1.3308103034239976E8,1.1253240289141935E8
57,724556861830,5937,829,1.0992453530144052E8,1.3508267255634242E8,1.160255156935973E8
58,724592013905,5611,762,1.0422590684558977E8,1.3039559312009966E8,1.1012267155147216E8
59,724627494937,5721,790,1.0879021867626666E8,1.3521696377430585E8,1.1505772848018838E8
60,724663672386,5880,834,1.115367557669698E8,1.3907850086500892E8,1.1784473615912652E8
61,724704107984,5936,985,1.0821932507937534E8,1.3499371723623815E8,1.1451332507937548E8
62,724744224531,5918,863,1.1291491616863665E8,1.4136022989412683E8,1.196524063647152E8
63,724780793559,6350,873,1.1199619791061914E8,1.405787077145408E8,1.1864704104787403E8
64,724817997004,6047,777,1.0977300239919417E8,1.3738419847762567E8,1.1628661024233146E8
65,724857552853,6073,1009,1.109231186008698E8,1.388294323263601E8,1.177150597773405E8
66,724894581267,5455,816,1.0652944295891763E8,1.3342903119421192E8,1.1287881550793733E8
67,724930259599,5616,826,1.0129682021660236E8,1.2701893786366138E8,1.0729717315777873E8
68,724964106569,6472,1008,1.0096452763833226E8,1.2866858646186161E8,1.0741968450107726E8
69,725008263749,6237,875,1.1171458676907559E8,1.3974103774946788E8,1.1797801814162461E8
70,725048988494,6064,902,1.0221756865116858E8,1.2855398041587445E8,1.083081568864627E8
71,725088141395,5880,830,1.0611809926704916E8,1.3360921691410805E8,1.1226088358077466E8
72,725130245427,5836,893,1.0355374995266353E8,1.2825682838403615E8,1.0972861269776164E8
73,725169664492,5840,829,1.1017843002748606E8,1.3753319473336858E8,1.1645437120395678E8
74,725206260965,5971,782,1.0314878820263377E8,1.3058459212420249E8,1.09297533300673E8
75,725245378341,5607,1016,1.0931231094627675E8,1.3538456584823745E8,1.1562225212274735E8
76,725282846656,5658,819,1.0787055187776479E8,1.3494968913266662E8,1.1410568913266653E8
77,725325982763,5979,1004,9.984671745310031E7,1.2840407039427681E8,1.0640218804133554E8
78,725361810060,6108,899,1.0595435967597944E8,1.3390532046029326E8,1.1239935967597939E8
79,725399220894,5936,966,9.884870713719024E7,1.2568117772542581E8,1.0521645223522957E8
80,725440353914,5867,864,1.0671342964566678E8,1.3263458650841208E8,1.129497433711571E8
81,725474881396,5655,934,1.0271994988993081E8,1.2706608714483288E8,1.0885573420365624E8
82,725509658225,5436,884,1.0336672169979613E8,1.2896299620960018E8,1.0942689817038429E8
83,725545010484,6115,1029,1.0959079311047335E8,1.3747483232615975E8,1.1625524409086572E8
84,725582658091,6084,978,1.0890882469036545E8,1.3649215802369875E8,1.152905109648755E8
85,725618717908,5854,902,1.0921168318123327E8,1.3603244788711578E8,1.1562811455378236E8
86,725657429633,5754,897,1.1009866825744429E8,1.3655211923783633E8,1.1617457021822858E8
87,725698578045,6213,806,1.108755804583165E8,1.3846052163478732E8,1.1704042359557153E8
88,725740501496,6114,792,1.0513026647419657E8,1.3228548216047105E8,1.1142830568988277E8
89,725778708635,5771,796,1.063704355806506E8,1.3171639636496438E8,1.1264443558065048E8
90,725812965456,6009,783,1.1390694476596932E8,1.4217408202087134E8,1.2026263104047923E8
91,725851886996,5837,989,1.0867369523863381E8,1.3449155798373204E8,1.1492755798373199E8
92,725886537130,6030,914,1.044833798184868E8,1.3271851707338871E8,1.1135798766162406E8
93,725927424814,5608,766,1.0766493424113335E8,1.3263073816270214E8,1.1371209110387866E8
94,725963468686,5901,757,1.0621321647711417E8,1.321686282418199E8,1.1223009883005534E8
95,726003379572,5721,843,1.0605193690281881E8,1.3447291729497573E8,1.127111525890934E8
96,726042174021,5976,803,1.062893260344941E8,1.3396395348547441E8,1.1289634564233717E8
97,726080054414,6177,889,1.0830514811611561E8,1.3634418733180177E8,1.1446124615533127E8
98,726114322651,5612,918,1.0725962909076647E8,1.3414509967900184E8,1.136242565417467E8
99,726154226595,5882,916,1.0387018586862014E8,1.3198597018234566E8,1.0988869567254177E8
100,726191338946,6101,854,1.0507731944038638E8,1.3367145669528843E8,1.1167308414626881E8
101,726231408413,5695,887,1.0439086376678935E8,1.3101480494325973E8,1.1059923631580874E8
102,726270053709,6165,947,1.0726199652040304E8,1.3518401612824646E8,1.1333942789295219E8
103,726308136471,6136,973,1.086844123186148E8,1.3695603976959515E8,1.152499613382226E8
104,726347485735,5791,964,1.055197663632993E8,1.3027890361820117E8,1.1132664871624039E8
105,726382508914,6077,999,1.0904396660602489E8,1.3613659405700508E8,1.1570486856680933E8
106,726422203025,5239,853,1.00559159720855E8,1.2401145383850223E8,1.0625231658360012E8
107,726454646026,5748,781,1.052215181780583E8,1.3123838092315646E8,1.1132969464864658E8
108,726490674727,5810,849,1.1072032764879021E8,1.3865101392329994E8,1.1725156294290778E8
109,726529092693,6199,925,1.1079121343618515E8,1.4036695853422427E8,1.1763354676951845E8
110,726567493170,6123,846,1.0597627516875234E8,1.3371149085502692E8,1.1248996144326219E8
111,726606131956,6320,928,1.0576164847980842E8,1.34567491617063E8,1.124752367151021E8
112,726645037572,6063,993,1.076206016650021E8,1.3488940558657086E8,1.1393611146892372E8
113,726681360171,5888,774,1.0737456069656515E8,1.3365830579460439E8,1.1351007050048666E8
114,726716706435,6013,785,1.0155834463465765E8,1.2851879561504997E8,1.0765697208563806E8
115,726752641201,5699,779,1.0502995976481621E8,1.3158433231383583E8,1.1117082250991432E8
116,726787462505,6231,813,1.0903338645423691E8,1.3903720998364863E8,1.1561515116011925E8
117,726830975596,5543,778,1.0873769089788911E8,1.34790808544948E8,1.1468718109396772E8
118,726867943175,5753,834,1.102663037165462E8,1.3642918606948754E8,1.1672424489301677E8
119,726906556714,6068,853,1.0948286825961852E8,1.385578290439322E8,1.1616549571059866E8
120,726947455288,5614,791,1.0447335322133154E8,1.29686706162508E8,1.1042852969191968E8
121,726983430460,5851,800,1.0622555783648095E8,1.3443279313059852E8,1.1273700881687315E8
122,727023776109,5716,796,1.0623255413939786E8,1.3293926002175078E8,1.1243090708057429E8
123,727058301838,6194,990,1.0265158050305685E8,1.3153760011090004E8,1.0927707069913529E8
124,727094975418,6652,1002,1.1067435584344186E8,1.4014192447089273E8,1.1736747349050075E8
125,727132522223,6021,902,1.0864726583978625E8,1.3622116780057082E8,1.1533355995743345E8
126,727172048758,6137,1055,1.0944532859040403E8,1.3805470113942373E8,1.1602307368844332E8
127,727213677281,6062,810,1.1019185696477574E8,1.391829353961483E8,1.1642854323928562E8
128,727257428481,5659,790,1.0630997549075311E8,1.3322646568683146E8,1.1257070098094901E8
129,727302999843,6214,857,1.0673847040343574E8,1.34732940991671E8,1.1310098020735702E8
130,727344859926,5630,806,1.016640754801354E8,1.2728870293111575E8,1.0771225195072371E8
131,727389158006,5811,869,1.1276576455151008E8,1.4011805866915727E8,1.1926980376719645E8
132,727428848022,5777,1009,1.0948976089246207E8,1.3717819226501098E8,1.1609009422579531E8
133,727469747075,5917,837,1.027513488371678E8,1.2878372138618745E8,1.087240155038344E8
134,727507538534,6001,748,1.0440457957587807E8,1.3079091290921135E8,1.1043006977195632E8
135,727546293771,5894,773,1.1169603220438094E8,1.4074336553771424E8,1.180941694592828E8
136,727584782804,6106,897,1.0791270270160204E8,1.3412766348591582E8,1.1428199681924926E8
137,727619691524,5906,962,1.0847621575012568E8,1.3525854908345887E8,1.1500903927953734E8
138,727656767554,6104,986,1.051672673402695E8,1.3253501243830861E8,1.1150075753634773E8
139,727692300945,5946,778,1.0800505804127584E8,1.3538382274715808E8,1.1458474431578559E8
140,727727035723,6296,819,1.0822187123793648E8,1.3796110653205407E8,1.1478320457126966E8
141,727765862719,6058,1064,1.0562152084343266E8,1.3177801103951107E8,1.1202012868656978E8
142,727801072882,5666,824,1.0604195881598663E8,1.3223105685520224E8,1.1197413528657465E8
143,727838552224,5629,956,1.0692454542403935E8,1.3294556503188267E8,1.1328195718874535E8
144,727875146269,5801,886,9.995059837384428E7,1.2773285327580512E8,1.0626816700129537E8
145,727917705856,6374,885,1.093907329312952E8,1.3825816430384418E8,1.157201643038443E8
146,727956945675,6070,791,1.0364682624029076E8,1.2968870859323181E8,1.0979333604421225E8
147,727991602524,5603,909,1.0119034725173603E8,1.2700724921252027E8,1.074658570556574E8
148,728028161972,5443,821,1.0677173015609193E8,1.3316088701883708E8,1.1266020074432719E8
149,728067928450,5822,861,1.0473335617849171E8,1.3100217970790324E8,1.1118308166868754E8
150,728105216934,5758,786,1.0754838631468424E8,1.3533103337350792E8,1.1401513141272363E8
151,728142775680,5815,895,1.0358928197928716E8,1.3078283099889529E8,1.0974392903811073E8
152,728178386691,5741,863,1.0583049465365295E8,1.3126463190855484E8,1.118862789673783E8
153,728215579812,5675,839,1.0873959188158488E8,1.353871016855065E8,1.1504921933256525E8
154,728255050155,6369,967,1.1243371408738E8,1.4172073369522336E8,1.1891098859718406E8
155,728295318033,5973,971,1.051021085732757E8,1.3113555955366777E8,1.1126420661249132E8
156,728333762553,5361,819,1.0357182594358048E8,1.2669931613965905E8,1.0968870829652183E8
157,728372808654,5920,1045,1.09191826386589E8,1.3678235579835367E8,1.1574445383756952E8
158,728413633522,6225,845,1.0978472508396487E8,1.370870976329845E8,1.1609499959376878E8
159,728454905452,6044,838,1.0767835829953992E8,1.359062406524814E8,1.1393439751522648E8
160,728492607146,5870,905,1.1056635751026188E8,1.3766737711810502E8,1.1686627907888928E8
161,728529674506,5610,876,1.0324376168067756E8,1.2882289893557966E8,1.0940364403361881E8
162,728565516147,5411,924,1.0450930048940775E8,1.292546926462704E8,1.1071373186195672E8
163,728600789422,6159,852,1.0282671863962592E8,1.2955642452197883E8,1.0886632648276304E8
164,728637251835,5635,1045,1.0533971502432035E8,1.3083275424000664E8,1.1180714639686935E8
165,728673415104,6014,941,1.0646595895203151E8,1.3304211581477676E8,1.1288601777556103E8
166,728710163514,5937,898,1.0502193115177295E8,1.3390259781843938E8,1.1148822526941997E8
167,728748983827,5659,874,1.0455907272879544E8,1.328114648856579E8,1.1114207272879535E8
168,728785040916,5577,994,1.0681486657502201E8,1.3201994500639446E8,1.1283098422208071E8
169,728819613009,6371,880,1.0976184090245402E8,1.397072526671599E8,1.1623842913774793E8
170,728859309363,5628,858,1.0827934884692323E8,1.3575223119986427E8,1.1476821159202121E8
171,728898438146,5911,885,1.069675805190542E8,1.3268250208768158E8,1.1304305110728954E8
172,728934913462,5982,881,1.1019596219785428E8,1.381358641586386E8,1.1648086415863846E8
173,728970719125,5463,810,1.0232888335677364E8,1.277850402195187E8,1.0810470688618551E8
174,729005208773,6055,974,1.0640930000863807E8,1.3431380981255937E8,1.1281012353804952E8
175,729041348627,6581,840,1.1199264228128366E8,1.4045030894795007E8,1.1839493639893064E8
176,729082950399,6032,875,1.0638652838414742E8,1.3239082250179484E8,1.1243948916846126E8
177,729119491570,5331,795,1.0087665400208595E8,1.2463834027659577E8,1.0640922262953702E8
178,729154668260,6358,1048,1.0738923491057372E8,1.3586286236155385E8,1.1403256824390694E8
179,729194876704,5798,879,1.0349213340761302E8,1.2914527066251495E8,1.0968674125075038E8
180,729229452775,5238,951,9.939822122589153E7,1.2312886828471522E8,1.0543080946118583E8
181,729264989656,6189,872,1.1048038853175673E8,1.3856540813960004E8,1.1693789833567826E8
182,729302347149,5982,816,1.035548603268573E8,1.298735073856809E8,1.0944352699352399E8
183,729339222751,6273,1090,1.0969896573442706E8,1.3957176965599552E8,1.169258480873683E8
184,729377506266,6382,889,1.0830562404301162E8,1.3660460443516865E8,1.1485917306261943E8
185,729420370844,5862,937,1.0884913970592703E8,1.358180220588682E8,1.1527339460788777E8
186,729456673811,6495,1027,1.0758179101922652E8,1.379101047447167E8,1.1451369298001067E8
187,729496489318,5493,903,1.0065141904787087E8,1.2557051708708666E8,1.0700583081257676E8
188,729531302919,5782,808,1.0297583685715339E8,1.2893117019048674E8,1.0926532705323188E8
189,729568396320,6420,983,1.0846527245575865E8,1.385183704949743E8,1.1510074304399407E8
190,729608277091,5961,715,1.0573241079451488E8,1.3256354804941665E8,1.1187894020627959E8
191,729648842156,5961,857,1.082994154793856E8,1.3469114096958137E8,1.1457174881271842E8
192,729685085954,6011,898,1.1075385930271259E8,1.3786458479290837E8,1.1751991812624195E8
193,729720582289,5314,738,9.89110308765139E7,1.2207236420984712E8,1.04741030876514E8
194,729752229997,6231,956,1.0638986320854598E8,1.3387239262031062E8,1.1272080438501652E8
195,729788640432,5887,997,1.0767466210876115E8,1.3450938759895706E8,1.1412174054013363E8
196,729825528958,5760,813,1.1015809291021053E8,1.3645779879256353E8,1.1622958310628909E8
197,729865203443,5728,856,1.0369780835718182E8,1.3026686718071137E8,1.098610828669855E8
198,729899972732,5769,1039,1.0727488022975683E8,1.3368376258269805E8,1.1361686062191398E8
199,729934602254,5596,727,1.052455986685243E8,1.322816378842106E8,1.1117371631558314E8
200,729975211123,5954,986,1.0724768454506929E8,1.3322562572153988E8,1.1379242964310852E8
201,730013587712,5972,788,1.0885461096868046E8,1.3565845410593507E8,1.151335129294645E8
202,730048547235,5515,892,1.0613205363229299E8,1.3076379873033206E8,1.1196177912248887E8
203,730083321368,5655,799,1.0405809553214587E8,1.3068784063018501E8,1.1035254651253796E8
204,730119946903,6329,842,1.0784091139409469E8,1.3700073492350644E8,1.1450349962938888E8
205,730158383335,5903,933,1.074023521503018E8,1.3485248940520382E8,1.1374325411108615E8
206,730195939643,6281,932,1.144422110808816E8,1.4264105421813646E8,1.2092521108088145E8
207,730231666865,6227,934,1.0536331622919144E8,1.3244708093507367E8,1.1189100250370112E8
208,730267414720,6214,884,1.0575542823963471E8,1.3378397725924245E8,1.122264870631638E8
209,730308789422,5819,1029,1.0396535331331156E8,1.3024762782311553E8,1.1015917684272316E8
210,730343565088,5737,874,1.0666790680090848E8,1.3417720091855578E8,1.1303929895777155E8
211,730378642634,5577,909,1.0615909875080048E8,1.3292066737825151E8,1.1269145169197707E8
212,730418938823,5862,895,1.0760302684102933E8,1.3521806605671576E8,1.1398920331161767E8
213,730457042503,6003,871,1.0208102228624979E8,1.2999041444311263E8,1.082504536587988E8
214,730492223263,5749,861,1.0998792975094436E8,1.3790720426074848E8,1.1626002779016012E8
215,730527929807,6026,865,1.0748497198738948E8,1.3526248179131114E8,1.1390538375209543E8
216,730564567631,6044,963,1.0567621558251426E8,1.3240176460212208E8,1.1197570577859257E8
217,730600485120,6015,822,1.0763715003572905E8,1.345012480749447E8,1.1394550297690545E8
218,730636167851,5981,1064,1.1076806031517826E8,1.3820951129557043E8,1.1753858972694328E8
219,730674727075,6526,761,1.1127139537437949E8,1.4062314047241867E8,1.1769023851163436E8
220,730713455684,6044,923,1.0750610910822856E8,1.35661187539601E8,1.1384954048077738E8
221,730751740461,5815,931,1.0661429600693491E8,1.3251819796771912E8,1.1278121757556242E8
222,730789264415,5924,787,1.1151174690777946E8,1.3945919788817146E8,1.1790915867248519E8
223,730828264914,5709,907,1.0609185546275778E8,1.3165499271765971E8,1.12292600560797E8
224,730864411573,5997,776,1.0778216017688414E8,1.3504839547100174E8,1.1420976802002124E8
225,730902304767,5925,965,1.0933172500999168E8,1.380719995197957E8,1.1589121520607E8
226,730943714752,5707,956,1.1358350888191028E8,1.396360775093612E8,1.1991584221524341E8
227,730980787805,5661,808,1.1019997240787676E8,1.35950442996112E8,1.1624310966277865E8
228,731015272313,5767,760,1.0863875941692337E8,1.3398003392672709E8,1.1461932804437435E8
229,731051534603,6484,955,1.1145964522760919E8,1.422188609138836E8,1.1826142954133458E8
230,731090865609,5987,860,1.0897453261895983E8,1.383139443836658E8,1.156301208542538E8
231,731133587478,6467,881,1.0766323378928547E8,1.3655409653438336E8,1.1405427300497179E8
232,731171637422,5800,783,1.0892462879673623E8,1.3464404056144223E8,1.147854327183049E8
233,731208282865,6051,893,1.051358768952815E8,1.314354847384185E8,1.1136436709135962E8
234,731242977585,6375,866,1.0296194303452541E8,1.3127486460315275E8,1.0970880577962331E8
235,731279491810,6335,948,1.0640256345252505E8,1.3438405364860353E8,1.130650536486035E8
236,731315410587,6029,970,1.0920492017890278E8,1.3744303782596138E8,1.1579188096321636E8
237,731357224990,5789,956,1.0684104410097437E8,1.3294449508136638E8,1.1293337743430772E8
238,731392988789,6261,759,1.1420528986489762E8,1.421978388845053E8,1.2062907417862293E8
239,731430061164,5435,890,1.0689969852459183E8,1.3222895342655276E8,1.1292479656380752E8
240,731462085165,6037,886,1.0876613916293125E8,1.369326293590098E8,1.1504123720214702E8
241,731498837449,6172,868,1.0868240793820457E8,1.3549564323232216E8,1.1512707460487092E8
242,731535367322,5821,834,1.0777705089844395E8,1.3478777638864017E8,1.1371014893765977E8
243,731569792837,6086,930,1.0998457908470762E8,1.3816940261411935E8,1.1643403006509955E8
244,731608655410,5790,921,1.0984436392369507E8,1.3641159921781257E8,1.161390501982049E8
245,731643701368,5802,918,1.0158674293196939E8,1.2697488018687122E8,1.0731762528491049E8
246,731680748451,5810,771,1.0668440456876418E8,1.3421428692170507E8,1.1300279672562675E8
247,731717795525,6092,1012,1.0844824672299485E8,1.3559297221319082E8,1.1501522711515169E8
248,731756063812,6071,869,1.0865780179844265E8,1.3594462532785434E8,1.1497837042589371E8
249,731794516227,5970,794,1.0495282186052296E8,1.3068629244875817E8,1.1078611597817001E8
250,731833246681,5826,848,1.028054748825016E8,1.3004141605897199E8,1.0928329841191329E8
251,731870570683,6372,1042,1.0786701337990667E8,1.3713022906618127E8,1.1483071926225965E8
252,731910997130,5606,864,1.0244443123433778E8,1.2939878417551407E8,1.0850633319512208E8
253,731947573334,5662,935,1.056184840608822E8,1.3175930759029397E8,1.1167287621774489E8
254,731983536431,5733,781,1.0485670321245521E8,1.3224433066343556E8,1.1121331105559242E8
255,732023366304,5658,774,1.0352414515625083E8,1.2878390986213322E8,1.0967098829350582E8
256,732061065974,6113,940,1.045368940832146E8,1.3072124702439103E8,1.1098393329890087E8
257,732096190289,5888,925,1.0901305517705582E8,1.355221728241148E8,1.1543789831431074E8
258,732133636188,5587,769,1.0326771357733893E8,1.3059318416557415E8,1.0935436063616249E8
259,732172337118,6218,864,1.1105189497288463E8,1.405240322277866E8,1.1776709105131596E8
260,732209660156,6148,789,1.0502223311183909E8,1.3370515468046641E8,1.1160295860203515E8
261,732250517492,5926,815,1.0824646764089964E8,1.351863303859974E8,1.1428560489580147E8
262,732287125629,5709,886,1.035438548396132E8,1.3079961954549563E8,1.0958371758471143E8
263,732335413607,6153,853,1.0724206540644628E8,1.3541316344566184E8,1.1339463403389712E8
264,732372451721,6060,1045,1.1122471578454204E8,1.3905999029434586E8,1.1767632362767924E8
265,732411108509,5821,813,1.0605170221873482E8,1.3300040810108802E8,1.121260943755975E8
266,732451156980,5568,864,1.0674597202325659E8,1.3364726614090367E8,1.1278140339580576E8
267,732489133928,6207,1032,1.0576225756032573E8,1.3350463010934548E8,1.1215819873679648E8
268,732525253127,6113,859,1.0618031146214154E8,1.3375168401116124E8,1.1275978205037685E8
269,732563432635,6055,933,1.0663401700031446E8,1.355896052356085E8,1.1321325229443206E8
270,732606010818,6019,959,1.0438150666174999E8,1.3108415372057341E8,1.1069558509312238E8
271,732647353418,5889,858,1.0127277736915262E8,1.2750909109464288E8,1.0748362050640756E8
272,732684504964,6219,938,1.1191732434259434E8,1.411515204210257E8,1.1863495179357466E8
273,732721716810,5931,918,1.0702485189122503E8,1.342965773814212E8,1.1344345973436235E8
274,732758826918,5991,917,1.0702141085182093E8,1.3589870496946788E8,1.1356860693025242E8
275,732795013123,6194,897,1.111218123055871E8,1.3928583191342995E8,1.1777094956048878E8
276,732834165589,5652,862,1.0447694116503677E8,1.3136058822386025E8,1.1038931371405633E8
277,732873485533,5597,823,1.0591745995003763E8,1.3185863642062584E8,1.1196242073435134E8
278,732911223828,5934,881,1.0218824551315923E8,1.2787810825825728E8,1.0849416708178675E8
279,732947896489,5897,961,1.0465431135664852E8,1.316292133174329E8,1.1126733096449177E8
280,732984481840,6055,777,1.0913481002652234E8,1.3545465316377726E8,1.1491308453632621E8
281,733023472583,6120,915,1.0741459993364884E8,1.3615910973757046E8,1.1370079601208043E8
282,733060759794,6684,1021,1.0738192865431845E8,1.3641412473274973E8,1.1397194826216145E8
283,733097816404,6242,883,1.0510426132878321E8,1.3241057505427349E8,1.1146569270133227E8
284,733134506521,6135,808,1.0307843055091786E8,1.291386462371925E8,1.0928246976660419E8
285,733167660602,5775,839,1.0602208156259465E8,1.3365380705279073E8,1.1252049332730049E8
286,733207282126,5764,696,1.0919541183447751E8,1.3613276477565414E8,1.1505466673643838E8
287,733249374890,5871,956,1.0376564865184185E8,1.3114453100478283E8,1.1010776629890074E8
288,733285410091,5624,997,1.0393975460672359E8,1.2964844088123347E8,1.1027528401848833E8
289,733321180192,5783,869,1.0637032496903051E8,1.3369801124354038E8,1.1245165830236389E8
290,733357088319,5543,1012,1.0979894623605661E8,1.351772011380174E8,1.160456129027232E8
291,733394137149,5912,839,1.01037124243396E8,1.2676645757672927E8,1.0706179091006263E8
292,733430479705,5895,918,1.0126623257253034E8,1.2566838943527544E8,1.0739423257253039E8
293,733462960405,6066,931,1.0896712497961661E8,1.3884143870510685E8,1.1573508576393034E8
294,733501292211,5450,916,1.0406764289103346E8,1.307174664204451E8,1.1053089779299419E8
295,733536042812,6852,775,1.094483440876852E8,1.377158342837636E8,1.1586726565631269E8
296,733575030125,5728,862,1.1013284073940304E8,1.373018995629327E8,1.1655684073940316E8
297,733617417362,5663,764,1.0338694882088216E8,1.302403213699016E8,1.0958632136990172E8
298,733651358746,5567,831,1.0784628077284274E8,1.3419245724343096E8,1.1401965332186231E8
299,733687872211,6106,934,1.0871867386779329E8,1.3658669347563672E8,1.151460856324992E8
300,733725555102,6474,867,1.1163998636259207E8,1.4161894714690587E8,1.1823926087239614E8
301,733769456152,5978,755,1.0550179461080523E8,1.3294528480688389E8,1.118409318657073E8
302,733806903158,5927,1002,1.0266241019582446E8,1.300744298036676E8,1.0925754745072629E8
303,733844944690,5842,913,1.072567118807285E8,1.3381502560621846E8,1.1344326090033649E8
304,733884110966,6014,858,1.0720856248279025E8,1.3431320954161367E8,1.1352328797298591E8
305,733921677048,5770,802,1.0265590248849551E8,1.292927064100641E8,1.085726279786917E8
306,733956731741,6241,862,1.0457665101900975E8,1.3189600396018611E8,1.1092129807783319E8
307,733999035408,6182,754,1.0567541817797942E8,1.3132149660935207E8,1.1174251621719505E8
308,734035078409,5617,910,1.0206740094586848E8,1.272047146713586E8,1.0814675388704494E8
309,734068913974,5566,857,1.0439820018140826E8,1.2973070998532979E8,1.1045112175003561E8
310,734102867680,6004,883,1.0417400793017456E8,1.3073098832233162E8,1.1036594910664536E8
311,734138259738,5251,832,1.1005830865905695E8,1.3563907336493927E8,1.1622240669827272E8
312,734174382276,5778,954,1.1078309655218655E8,1.379649985129712E8,1.1701962596395157E8
313,734211291434,6058,949,1.1017787907733755E8,1.4054742809694535E8,1.168728986851808E8
314,734250250454,5944,995,1.0599853716353725E8,1.3186932147726284E8,1.1209045873216473E8
315,734287472971,6025,992,1.0430093886394408E8,1.2967823298159124E8,1.1043299768747355E8
316,734322773441,6496,1192,1.0691508489413927E8,1.3653471234511974E8,1.1362732018825693E8
317,734364709511,5817,924,1.0249558584676298E8,1.2955789957225321E8,1.0884250741539045E8
318,734400653570,5884,1003,1.0474940799559176E8,1.3117407466225861E8,1.1131181976029782E8
319,734436338316,6074,925,1.0597460876324905E8,1.3342335386128823E8,1.1238902052795485E8
320,734474587997,5789,1072,1.062694108831283E8,1.3284745009881426E8,1.1295105794195172E8
321,734509606643,5690,934,1.1114919021241958E8,1.390237980555567E8,1.1766960197712548E8
322,734546480186,5717,821,1.0846957582022975E8,1.3549420327121046E8,1.1486757582022986E8
323,734583423350,6486,875,1.0962597432645394E8,1.393491704048854E8,1.1654807236566989E8
324,734623119431,5462,771,1.016286635417182E8,1.2704136942407106E8,1.0733076158093382E8
325,734654834712,5474,815,1.075885121026328E8,1.3247794347518183E8,1.1333149249478969E8
326,734723031527,5846,948,1.0556517652842852E8,1.3263866672450672E8,1.1165039221470304E8
327,734761959221,6273,766,1.0562061344402978E8,1.3303916246363774E8,1.1170661344402985E8
328,734798456962,5756,828,1.0698246523832487E8,1.3438995543440324E8,1.132625436696974E8
329,734836120795,5903,914,1.0727359520128734E8,1.3421086971109147E8,1.1337220304442452E8
330,734872800328,5936,1085,1.0667873341849235E8,1.3488730204594344E8,1.1313230204594336E8
331,734909829677,5779,924,1.0826683167376398E8,1.3626041990905815E8,1.1474392971297978E8
332,734947527132,5683,868,1.0688022922394577E8,1.3395507236120084E8,1.1313550373374963E8
333,734983400248,5762,812,1.0320676002032803E8,1.2943997570660271E8,1.0927205413797514E8
334,735019535581,5822,865,1.0759387287353781E8,1.3367844150098854E8,1.1394801012843955E8
335,735058672424,5731,1001,1.0661872838026531E8,1.3328874798810841E8,1.1313051269399087E8
336,735094469068,6018,800,1.1097500451079927E8,1.3826233784413263E8,1.1721198490295596E8
337,735133546773,5951,1019,1.0604975382693848E8,1.3284442049360512E8,1.1287032245438929E8
338,735170770485,5827,895,1.0327547236086111E8,1.3037553118439044E8,1.094795704000768E8
339,735207497614,5770,756,1.0722029068555093E8,1.3354027107770737E8,1.1319995735221756E8
340,735243112037,5637,770,1.0384014842975484E8,1.2869499156700984E8,1.0977706999838227E8
341,735279839091,5805,907,1.0924315293492454E8,1.3558105489570904E8,1.1566264313100317E8
342,735318162703,6113,818,1.0611570097490963E8,1.3392407352392918E8,1.1242003430824298E8
343,735354567354,5607,932,1.097488439058106E8,1.367010007685557E8,1.1622376547443795E8
344,735395066324,6038,948,1.0545564889860024E8,1.3329537438879631E8,1.1205068811428654E8
345,735433144423,5613,851,1.0649481147107534E8,1.3249908598087925E8,1.129704389220556E8
346,735468897147,5901,883,1.070437773805191E8,1.3409805189032307E8,1.1322065973346038E8
347,735505354213,5722,732,1.0746581510236967E8,1.3379552098472269E8,1.1365532490629138E8
348,735542110586,5705,745,1.0806442976527014E8,1.3534323368683857E8,1.1395686113781911E8
349,735576714799,5645,1038,1.038499279171947E8,1.2921390830935144E8,1.1016396713288085E8
350,735611685522,6148,833,1.0817864238776793E8,1.370720345446306E8,1.1468452474070905E8
351,735652844307,5491,752,1.0659428200421053E8,1.3221000749440657E8,1.1241936043558322E8
352,735686706349,6091,904,1.0718329057831943E8,1.3488981999008414E8,1.1353358469596662E8
353,735729867846,5988,799,1.0674299260631584E8,1.3429642397886473E8,1.129397965278843E8
354,735766837794,6052,763,1.0858462246521403E8,1.364148185436453E8,1.1487934795540999E8
355,735804883822,5948,884,1.0887355071544886E8,1.3640780561740974E8,1.1494349189191952E8
356,735840855173,5464,811,1.0288943389830494E8,1.2799653193752061E8,1.0891045350614806E8
357,735875564849,5530,815,1.0853942059539297E8,1.352004009875496E8,1.1435865588951051E8
358,735911116467,6386,790,1.1095513410007487E8,1.3943293802164352E8,1.1740313410007492E8
359,735949392406,5910,847,1.0100672237560174E8,1.286333106108957E8,1.0713982041481729E8
360,735991494715,6072,871,1.0394211223103048E8,1.3062860242710888E8,1.1036779850554019E8
361,736030197919,5279,888,1.0084706762148821E8,1.2606714605286096E8,1.0717018526854733E8
362,736068121344,5560,764,1.0491095132540976E8,1.3059438269795874E8,1.1070281407050765E8
363,736103420644,5884,940,1.0524308907086422E8,1.3316175573753114E8,1.1145554005125655E8
364,736144138050,6135,1037,1.0553392097322345E8,1.3461409744381168E8,1.1206474450263515E8
365,736183302431,6256,926,1.1071621304927476E8,1.3990121304927462E8,1.1713833069633342E8
366,736219997832,5717,847,1.0569589351155558E8,1.335461680213594E8,1.1187722684488896E8
367,736258609085,6060,885,1.0264203511480425E8,1.294931723697062E8,1.0900681942852972E8
368,736297114383,6133,803,1.0856336037355813E8,1.3711506625591123E8,1.1504639958924446E8
369,736338247913,6554,818,1.1101095644787982E8,1.4034081919297794E8,1.179197211537622E8
370,736379434279,6244,929,1.053772546334901E8,1.3320533306486267E8,1.1191411737858807E8
371,736419855381,6209,1056,1.1016135011965369E8,1.3718250698239887E8,1.1694799717847718E8
372,736460822618,6017,908,1.0602216556101027E8,1.3456030281591222E8,1.1272638124728492E8
373,736502203432,6384,881,1.1511374777067566E8,1.4255251247655812E8,1.2139853208440126E8
374,736538104522,5999,868,1.0633325759362364E8,1.3331521837793735E8,1.1225884582891776E8
375,736575793709,6102,869,1.0522915790593514E8,1.3310264810201369E8,1.1160896182750383E8
376,736612440873,5799,771,1.0194372414840591E8,1.2785880257977852E8,1.0775733199154307E8
377,736648721967,5799,910,1.027896587785263E8,1.2929734505303621E8,1.0947971760205576E8
378,736687137479,6135,822,1.0764533273172717E8,1.3630058763368797E8,1.1401017586898203E8
379,736725952580,5818,858,1.0135976925799374E8,1.2776604376779771E8,1.0737096533642513E8
380,736764699110,6003,889,1.0470470102372366E8,1.3139975984725301E8,1.1077077945509623E8
381,736800824638,5585,848,1.0400382975963902E8,1.2988108466159962E8,1.1006782975963894E8
382,736835179956,5968,850,1.066857099022515E8,1.3259300401989868E8,1.1262286676499663E8
383,736871430860,5952,929,1.0923450832559349E8,1.3703511616873085E8,1.1563007695304449E8
384,736908485746,5383,804,1.0260879211025403E8,1.2687755681613646E8,1.0828239995339125E8
385,736945362127,5809,837,1.0462171356042464E8,1.3015839983493443E8,1.1105520375650296E8
386,736979145632,5599,870,1.0511458136829339E8,1.3292414999574427E8,1.1159173823103836E8
387,737018359128,6013,849,1.0631304441536042E8,1.330642601016347E8,1.1222516206241915E8
388,737057364841,5964,1014,1.0762913836044112E8,1.345163148310293E8,1.1386868738004884E8
389,737092586729,6035,782,1.0581170887667152E8,1.3312290495510305E8,1.120328657394167E8
390,737130227762,6241,800,1.1078552899464099E8,1.3909111722993523E8,1.1728505840640578E8
391,737169354731,6049,991,1.0765339185676932E8,1.3594129381755382E8,1.1427443107245556E8
392,737208550620,5786,890,1.0663605061740692E8,1.3301738395074014E8,1.1276008983309315E8
393,737247519990,5921,957,1.0185559665849127E8,1.2921622410947175E8,1.080251652859424E8
394,737282311292,5552,939,1.056234960230911E8,1.3173312347407171E8,1.1175941759171857E8
395,737328573211,5682,803,1.0465697546769841E8,1.3115734801671796E8,1.1091656370299254E8
396,737367694927,6139,800,1.1028047689508757E8,1.3881894748332277E8,1.170241631695973E8
397,737404628703,5727,773,1.0361516427735494E8,1.2982018388519797E8,1.0991849761068821E8
398,737438467536,6428,916,1.0762305286284064E8,1.352551509020565E8,1.1418064109813489E8
399,737475648324,5387,842,1.0005259604349388E8,1.2335690976898393E8,1.0613051761212124E8
400,737508649029,5467,775,1.0344758649739382E8,1.2955886100719793E8,1.0932819434053136E8
401,737542806052,6158,907,1.1007261538878694E8,1.3737461538878706E8,1.1619900754564969E8
402,737583832791,6240,883,1.029483948877675E8,1.2980800273090497E8,1.0892557135835582E8
403,737620586407,6639,971,1.1049534564596236E8,1.42195992704786E8,1.1719050250870739E8
404,737665646668,5835,719,1.0733505428718978E8,1.3426283860091543E8,1.1334703467934678E8
405,737703863340,5698,846,1.115762070115089E8,1.3998797171739134E8,1.179661285801364E8
406,737745920818,5998,903,1.0358446376544143E8,1.3124018925563769E8,1.1001244415759835E8
407,737786172414,5130,785,1.0011364047940822E8,1.2390024832254547E8,1.0578630714607489E8
408,737820577489,5887,863,1.058923604083593E8,1.33236281976987E8,1.122630858985556E8
409,737859006500,5888,802,1.0906288384918858E8,1.3592145247663972E8,1.1535368777075729E8
410,737897969042,5930,818,1.0591766541293459E8,1.3295690070705232E8,1.1205862619724844E8
411,737936059173,6025,874,1.0659353490383942E8,1.3460867215874156E8,1.130432996097218E8
412,737976671344,5853,918,1.112673647393414E8,1.389649333667923E8,1.1765538434718452E8
413,738016568042,5595,962,1.0825376875588791E8,1.3433821973628005E8,1.1435398444216248E8
414,738051373180,5777,736,1.0524145311428957E8,1.3292745311428961E8,1.1162688448683874E8
415,738087814864,5757,791,1.0785753176691517E8,1.3515008078652328E8,1.1418604157083695E8
416,738124049404,6036,813,1.0702112268509115E8,1.3550502464587563E8,1.1362280895960101E8
417,738162272479,5992,787,1.0514123311576231E8,1.333761939000759E8,1.113319782138014E8
418,738201990106,5873,911,1.0184203367041156E8,1.2794044543511745E8,1.0776726896452919E8
419,738238515551,5804,897,1.0481793172817864E8,1.3000689251249237E8,1.1086016702229635E8
420,738276460211,5737,909,1.0781021787465607E8,1.3509302179622492E8,1.1438684532563664E8
421,738314639148,5945,921,1.0949505005549791E8,1.361469716241254E8,1.1584846182020369E8
422,738354166575,5565,820,1.037770221071551E8,1.3012502210715511E8,1.0955182602872387E8
423,738395679287,6252,795,1.0769057101628289E8,1.350338455260871E8,1.1402990434961632E8
424,738431384207,5913,936,1.1097140522228278E8,1.3894844443796906E8,1.1723660130071412E8
425,738470809328,6346,842,1.0493634949575782E8,1.3268444753497349E8,1.1132958478987543E8
426,738508185919,5748,857,1.0620646214418177E8,1.3207797194810349E8,1.1228914841869164E8
427,738546603092,5701,885,1.0770359395716839E8,1.349808880748155E8,1.1397677042775665E8
428,738582517463,5795,777,1.0434887189915967E8,1.2990222484033594E8,1.102778915070027E8
429,738617265353,5564,896,1.075557704400923E8,1.3425831945970032E8,1.1371279004793543E8
430,738654811993,5607,780,1.0462697456841029E8,1.3025358241154785E8,1.1087317064684181E8
431,738690140898,6146,914,1.1176940558160807E8,1.3994781734631398E8,1.1805968009141193E8
432,738729264767,5556,839,1.0205504181026074E8,1.2823853200633927E8,1.0827578690829994E8
433,738768246363,5897,949,1.0554115426409872E8,1.3411731112684377E8,1.1202778171507911E8
434,738805089066,5783,1002,1.0193757506475672E8,1.278238299667175E8,1.0818828094710976E8
435,738843356478,5768,954,1.0999282767311606E8,1.370920825750766E8,1.1653229826135144E8
436,738879011559,5432,788,1.0338722836204284E8,1.3010875777380724E8,1.0946458130321924E8
437,738913762625,6236,832,1.0681146129690023E8,1.3522899070866507E8,1.1300775541454734E8
438,738955063846,6158,926,1.0401055640103146E8,1.3109216424416856E8,1.1044645836181557E8
439,738992726387,6246,943,1.0861057647201087E8,1.3697124313867757E8,1.1494485098181489E8
440,739031130003,6494,1129,1.112653596869002E8,1.4065041851042926E8,1.1786120282415505E8
441,739069318982,5841,979,1.0766537052932434E8,1.3240321366657935E8,1.1361305680383441E8
442,739105445956,5779,831,1.1041845513050947E8,1.3813188650305855E8,1.1679790611090164E8
443,739139993822,5991,922,1.0543165203902873E8,1.3377955399981295E8,1.1148969125471483E8
444,739177282804,5714,906,1.07088110855779E8,1.3221993438519062E8,1.1315879713028884E8
445,739210995064,5721,794,1.0635564005255766E8,1.3073975769961633E8,1.1252877730745947E8
446,739246675000,5977,878,1.0518187159961456E8,1.3313944022706564E8,1.1138679316824213E8
447,739287572993,5594,874,1.0921116515438832E8,1.3520818476223168E8,1.1568275338968246E8
448,739324182313,5857,790,1.0100893352510226E8,1.2541114921137685E8,1.0703134528980808E8
449,739355895729,6062,980,1.0600885262751377E8,1.3407981341182749E8,1.1274049968633734E8
450,739395436580,6141,870,1.0534725338164571E8,1.3246476318556723E8,1.118150769110575E8
451,739430761179,5319,915,1.0202003342517765E8,1.2662836675851095E8,1.0792850401341276E8
452,739466832263,5562,961,1.03721864734058E8,1.2922904120464617E8,1.1000225689092095E8
453,739504892503,6266,829,1.0689501370411152E8,1.350835627237194E8,1.1351901370411164E8
454,739539547638,6096,894,1.0543940772644925E8,1.3316232929507662E8,1.1178654498135124E8
455,739579067286,5660,909,1.0726622288978659E8,1.3318057583096293E8,1.1377030132115918E8
456,739614669639,5797,975,1.0364705886177123E8,1.3011662748922224E8,1.1012505886177108E8
457,739665079010,5718,877,1.0510223200678118E8,1.3071199671266349E8,1.1116756534011453E8
458,739702392579,6422,796,1.150876502528728E8,1.4412966986071575E8,1.2146533652738255E8
459,739740994759,5754,828,1.0862653547666977E8,1.3530353547666982E8,1.1485341782961078E8
460,739776389531,5680,935,1.032666062886997E8,1.2987925334752345E8,1.0934272393575871E8
461,739813428941,6581,936,1.0750212626992442E8,1.366011458777675E8,1.1372130274051271E8
462,739850687038,5955,844,1.0817492865253948E8,1.3662769335842162E8,1.1443663453489241E8
463,739889074128,5988,904,1.0843517988790014E8,1.3609868969182166E8,1.151371014565276E8
464,739925585297,6405,896,1.0501136658424304E8,1.3227985678032129E8,1.1122301364306647E8
465,739962517347,6349,870,1.0760195269548328E8,1.3530946249940494E8,1.1399222720528737E8
466,740002296891,5762,993,1.0404477590926906E8,1.3083289355632788E8,1.1048605041907305E8
467,740039633568,6022,915,1.0639454495997107E8,1.3287032927369666E8,1.1264452535212788E8
468,740075917282,6321,765,1.097793183640963E8,1.3731049483468422E8,1.1625584777586085E8
469,740113991371,6358,886,1.0972632111532685E8,1.3990751719375807E8,1.1630177209571895E8
470,740156087442,6084,906,1.0917025359115621E8,1.3768882221860728E8,1.1576299868919544E8
471,740197300461,6071,862,1.0339713569808474E8,1.3166795922749622E8,1.0978621412945707E8
472,740234264419,6103,841,1.057301985646735E8,1.3476155150585002E8,1.1219612013330102E8
473,740273564584,5705,878,1.003699561283589E8,1.2715968161855519E8,1.0666970122639838E8
474,740311921733,6139,1029,1.0755770766047934E8,1.3517674687616566E8,1.1441349197420508E8
475,740348915161,6285,943,1.135314982767767E8,1.444720472963845E8,1.2031508651207064E8
476,740389497442,5459,818,1.0212778762893637E8,1.2675788566815224E8,1.0809106213874045E8
477,740423789704,5978,908,1.084122892919567E8,1.36422485370388E8,1.1504721086058399E8
478,740463065800,5920,831,1.0698872950025931E8,1.3374645499045546E8,1.1325135695123965E8
479,740501480954,6276,967,1.1040181867302239E8,1.386545245553755E8,1.1674768141812044E8
480,740538433503,5741,760,1.0686392729398355E8,1.3350139788221882E8,1.1294800572535598E8
481,740575666908,6011,746,1.0993312307300253E8,1.3774206424947315E8,1.1607914268084559E8
482,740614181035,5802,971,1.0644784264700411E8,1.3306688186269045E8,1.1248321519602366E8
483,740652783684,6137,974,1.0826493736619052E8,1.366046628563867E8,1.1484921187599446E8
484,740690080461,5625,924,1.0340424580831859E8,1.2960101051420093E8,1.0988187325929892E8
485,740728993238,5956,953,1.0643105859188935E8,1.3369892133698756E8,1.129156272193404E8
486,740767756123,5857,771,1.0657606167617512E8,1.332750616761751E8,1.1283808128401831E8
487,740803104465,6024,932,1.1091942211477488E8,1.3796267701673582E8,1.1739118682065728E8
488,740838413312,5674,858,1.0551005411456758E8,1.3174481882044987E8,1.1182725019299906E8
489,740874696868,5752,911,1.1006508741778234E8,1.3585314624131167E8,1.1633412663346863E8
490,740912467872,5922,774,1.0304755645014295E8,1.3008381135210371E8,1.0920396821484874E8
491,740952803330,5994,918,1.0991247003743224E8,1.368169602335108E8,1.1616731317468707E8
492,740989287062,6422,1032,1.0990631096387579E8,1.392057227285815E8,1.1646303645407175E8
493,741029158287,6278,883,1.0878897194251439E8,1.378723640993773E8,1.1512942292290668E8
494,741068232977,5840,988,1.0394793749450168E8,1.3024595710234492E8,1.1031256494548218E8
495,741105239900,5994,760,1.0836748337334228E8,1.362743069027541E8,1.1467179709883247E8
496,741142299454,5247,784,1.0170052975392687E8,1.2685870622451504E8,1.0787078465588765E8
497,741179928075,5952,799,1.0588544100719959E8,1.316059115954349E8,1.1206251943857215E8
498,741216039900,5980,748,1.0569124599791083E8,1.3283695188026394E8,1.1197244207634221E8
499,741254131138,6405,902,1.1345179580351333E8,1.4373012913684657E8,1.1986087423488587E8
500,741294326048,5744,839,1.0607087116895576E8,1.3378245940425009E8,1.1246638097287746E8
501,741331084880,6127,959,1.0936334305377506E8,1.3664918619102982E8,1.156984410929908E8
502,741368417768,5904,824,1.100816748690273E8,1.3672696898667422E8,1.1629643957490957E8
503,741403744140,5637,863,1.084185645951619E8,1.3380644694810294E8,1.1464078028143637E8
504,741442115944,5830,859,1.0610092519270045E8,1.325074742123082E8,1.12290709506426E8
505,741480348257,5965,956,1.0345915346600494E8,1.30128741701299E8,1.0981421228953424E8
506,741518205829,5582,884,1.037916423774992E8,1.3026676002455808E8,1.1007830904416575E8
507,741555677761,5851,894,9.992199069778606E7,1.2542167697229578E8,1.0612530442327629E8
508,741591514679,5898,790,1.1014436103675175E8,1.3734214535047722E8,1.1659808652694793E8
509,741629801521,6250,806,1.0524037228151742E8,1.3311590169328226E8,1.1143272522269398E8
510,741669191304,6617,928,1.0885328690206277E8,1.3830920847069025E8,1.1584424768637648E8
511,741708638052,5557,879,1.0720057873397222E8,1.3379212775358005E8,1.1328371598887432E8
512,741745710220,6003,900,1.0800512866847146E8,1.3551310906062824E8,1.142809914135696E8
513,741782751272,5524,838,1.069787902131857E8,1.319645157033818E8,1.1259992746808766E8
514,741815781848,5779,955,1.0154126657849908E8,1.2708299206869517E8,1.0751652148045975E8
515,741852297222,5924,938,1.0724941288237238E8,1.3429496190198034E8,1.1376366778433314E8
516,741892282925,5754,1042,1.043936595449216E8,1.301072281723727E8,1.1063179679982363E8
517,741929075826,5681,804,1.0621240927792032E8,1.3274703672890083E8,1.1261648770929278E8
518,741967187061,6017,869,1.0862322131866835E8,1.3604516249513897E8,1.1490957425984468E8
519,742006326768,6010,1008,1.0566000068224898E8,1.3186084381950377E8,1.1193053009401353E8
520,742040763328,5701,834,1.0882021505412143E8,1.3588592093647438E8,1.1537517583843528E8
521,742080985710,6007,990,1.0740840732872811E8,1.343876622306889E8,1.1373979948559073E8
522,742120159548,6056,779,1.050856653840683E8,1.3122556734485255E8,1.1102599871740176E8
523,742155085292,6082,875,1.0926443880107127E8,1.374257917422477E8,1.1566412507558109E8
524,742193016676,5640,980,1.0348280680414055E8,1.297301793531602E8,1.0989857151002295E8
525,742227907729,5696,882,1.0666198915708782E8,1.338797342551273E8,1.1303624405904871E8
526,742262344769,5544,773,1.0523571474886173E8,1.3110165592533217E8,1.1107757749395964E8
527,742298340047,5761,848,1.0658879205939697E8,1.3382238029469115E8,1.1309787049076948E8
528,742341747002,6161,932,1.0598884965034154E8,1.3191367317975321E8,1.1206684965034153E8
529,742379380665,5805,853,1.0857009631790395E8,1.3679521396496263E8,1.1512517474927638E8
530,742415724416,6017,798,1.0688815875373653E8,1.3465400189099142E8,1.1332704110667765E8
531,742456690025,6100,974,1.1109315500819582E8,1.3920919422388223E8,1.1782105696898028E8
532,742495642890,6028,914,1.0700891140761937E8,1.348205584664429E8,1.1393467611350173E8
533,742533149241,5913,859,1.067221033296617E8,1.3350422097672059E8,1.1284808372181857E8
534,742572064490,5892,939,1.0673508900560296E8,1.3309246155462278E8,1.128960693977597E8
535,742606888631,6118,838,1.1010038681755504E8,1.371946025038294E8,1.165280926999079E8
536,742646180666,6059,889,1.0598330407700697E8,1.3381855897896758E8,1.1222097074367364E8
537,742683602800,5984,827,1.071857519790516E8,1.338918696261103E8,1.1337157550846328E8
538,742721499666,6073,997,1.04172449656258E8,1.318331359307677E8,1.1062370455821885E8
539,742762499742,6181,855,1.0726570453837799E8,1.3497788100896636E8,1.1374252806778999E8
540,742800701782,5615,860,1.0053065959297143E8,1.2534856155375558E8,1.0647479684787343E8
541,742838312168,6622,1012,1.1034452544800654E8,1.4009697642839894E8,1.1680766270290846E8
542,742877580650,6350,1002,1.0453271651619102E8,1.335972263201127E8,1.1100440279070088E8
543,742919622592,5949,911,1.0997601820001455E8,1.3821109663138723E8,1.162619201607989E8
544,742958440090,5983,897,1.0538899584418681E8,1.3276072133438288E8,1.1189381937359847E8
545,742996678104,6158,948,1.0232990053809729E8,1.2958505740084243E8,1.087159201459404E8
546,743035412138,6017,924,1.0958110931917791E8,1.3671101127996233E8,1.1580030539760938E8
547,743073528086,5881,774,1.0984011409353799E8,1.389677415445183E8,1.1591631017196931E8
548,743112765423,5801,764,1.0767254590773372E8,1.35263134143028E8,1.1422001649596909E8
549,743152979869,6401,932,1.1314368270092365E8,1.430049179950413E8,1.200574670146493E8
550,743194920598,5942,886,1.0805092671486616E8,1.3511173063643482E8,1.1440645612663105E8
551,743234618362,6247,968,1.090457151416094E8,1.3712085239651155E8,1.1538624455337419E8
552,743273582458,6122,864,1.142037597727414E8,1.433932891845062E8,1.2072024996881987E8
553,743311339183,6214,841,1.1183652371337195E8,1.402730727329795E8,1.1807932763494048E8
554,743351260896,5931,953,1.0577608821345815E8,1.3316477448796798E8,1.1230559801737994E8
555,743388977827,5785,844,1.071866911115592E8,1.3481496562136286E8,1.1359843620959827E8
556,743424596073,6245,946,1.108724038720368E8,1.3890734504850736E8,1.1743510975438978E8
557,743460808846,5996,991,1.0810904131327505E8,1.3414557072503982E8,1.1442121778386343E8
558,743494789740,6724,781,1.1316890431441966E8,1.4379223764775297E8,1.1957447294187064E8
559,743532076012,6369,830,1.0531442306993337E8,1.3215987405032551E8,1.1153357993267848E8
560,743571430632,5643,870,1.0818979763524923E8,1.3420207214505328E8,1.1425407214505307E8
561,743605324529,5622,791,1.0321267711733407E8,1.2889652025458875E8,1.0920126535262816E8
562,743640276397,6412,889,1.0900091569105464E8,1.3806581765183887E8,1.1529599412242718E8
563,743677909287,5810,1036,1.0540652750238034E8,1.3288395887492926E8,1.119152726004194E8
564,743715135863,6208,1034,1.0255363698714678E8,1.3035224483028398E8,1.088163232616565E8
565,743751092973,5873,803,1.0292736111196056E8,1.305338709158822E8,1.0918689052372532E8
566,743789857830,6079,894,1.0284956874606E8,1.3225307854998179E8,1.0944684325586405E8
567,743827209457,5926,830,1.0598932839956664E8,1.3294146565446874E8,1.1238838722309625E8
568,743867600183,5953,909,1.0980634873255304E8,1.3687528990902373E8,1.1609562324235699E8
569,743906127439,6125,937,1.0789854641934702E8,1.3407817387032735E8,1.1418060524287628E8
570,743945626721,6023,1043,1.0877015818901552E8,1.3670976603215277E8,1.1583898171842736E8
571,743983983917,5989,881,1.0855735052999376E8,1.3607303680450347E8,1.147876838633271E8
572,744020545437,6241,895,1.1326945313324282E8,1.429179825450075E8,1.1972645313324282E8
573,744056581909,5756,858,1.0537923112232529E8,1.3051174092624712E8,1.1150346641644304E8
574,744092858412,5948,1048,1.0224472508148777E8,1.2783876429717422E8,1.083461172383504E8
575,744129515222,5986,808,1.1097981777792597E8,1.382527589543964E8,1.1742134718969066E8
576,744169592013,5382,775,1.0646302405709101E8,1.316328475865028E8,1.1256747503748314E8
577,744205771907,6161,984,1.0646755532126227E8,1.3490288865459564E8,1.132441631643995E8
578,744244421803,5715,775,1.0398832880767176E8,1.312108190037502E8,1.1020077978806391E8
579,744281337205,5686,861,1.0213794711251241E8,1.2906541770074795E8,1.0800549613212034E8
580,744317171777,6066,812,1.1087726076293519E8,1.3714286860607243E8,1.1721347644920969E8
581,744355415017,5413,763,1.0682458166808218E8,1.3149224833474879E8,1.1277191500141552E8
582,744392205720,5493,785,1.0089678960246691E8,1.2601780921031001E8,1.0706875038678072E8
583,744458658488,6226,931,1.1046155099372327E8,1.3756792354274318E8,1.1669915883686091E8
584,744496117983,5893,901,1.076347763390075E8,1.3465040378998798E8,1.1393114888802728E8
585,744529856659,5743,882,1.0919590825562754E8,1.361246337458234E8,1.1591345727523525E8
586,744566340179,5494,828,1.068987258443471E8,1.3260568662866083E8,1.1318007878552353E8
587,744601285245,5783,880,1.0767260496936212E8,1.3461666379289147E8,1.1386784026347959E8
588,744640472848,6227,895,1.1207505483933112E8,1.3990411366286063E8,1.1832407444717437E8
589,744680327099,5753,897,1.0775248254818575E8,1.333353649011269E8,1.140037962736759E8
590,744715618129,5620,876,1.0181891602733988E8,1.2682532779204592E8,1.080321709293008E8
591,744749273712,5849,905,1.0587225395239152E8,1.3293101865827373E8,1.1232843042297974E8
592,744784729006,6180,914,1.0981726498020706E8,1.3862408850961894E8,1.1663475517628562E8
593,744824316818,6373,836,1.0891705362112986E8,1.372276418564239E8,1.1521962224858084E8
594,744862442127,5957,825,1.0027440409940313E8,1.2760530606018758E8,1.0661761978567761E8
595,744898301319,6566,872,1.0781996912280962E8,1.3724018480908427E8,1.1425322402477032E8
596,744941294644,6335,891,1.1484452900663608E8,1.4314711724193007E8,1.2131064665369502E8
597,744978341504,6280,1015,1.0709362779866193E8,1.3563301995552462E8,1.1382551015160327E8
598,745017068227,6703,985,1.1185363323838675E8,1.4111267245407307E8,1.1843669206191622E8
599,745057666064,5590,876,1.0397218285717458E8,1.3015063383756688E8,1.1012467305325314E8
600,745092821438,5796,952,1.0709956603923003E8,1.3333348760785744E8,1.1341686015687704E8
601,745132050924,6022,1018,1.0789407332248892E8,1.3433938704797906E8,1.1439017136170474E8
602,745167106056,6375,938,1.07914105926504E8,1.374223608284648E8,1.1467240004415105E8
603,745208710863,6643,933,1.0885690550667894E8,1.367444741341299E8,1.1551633687922797E8
604,745247035256,6244,846,1.0725751987627156E8,1.3513465713117343E8,1.1350375517038915E8
605,745283609875,6000,841,1.0880899842116678E8,1.3626646900940195E8,1.1489758665646094E8
606,745318911198,6079,779,1.1063568338941674E8,1.3906274221294627E8,1.1690152652667165E8
607,745360483783,6739,977,1.0920080832528786E8,1.3788735734489572E8,1.156598083252879E8
608,745399273981,5725,852,1.0546976287172042E8,1.3102450796975963E8,1.1200954718544608E8
609,745437934307,6194,867,1.0963410013721156E8,1.39234315823486E8,1.1606906092152534E8
610,745478236392,6069,809,1.079961894292622E8,1.3572848354690918E8,1.142650521743603E8
611,745513854797,6326,898,1.085599240778476E8,1.3776019858765146E8,1.1488572799941626E8
612,745553221504,6421,1050,1.0673518654184328E8,1.3660289242419624E8,1.1353089242419635E8
613,745591863867,6138,878,1.067069745114878E8,1.3424064117815465E8,1.1328717058991927E8
614,745629849734,5995,927,1.0728556203918752E8,1.360387581176188E8,1.138069738038932E8
615,745666186594,5742,765,1.0326731779352516E8,1.2974316093077995E8,1.0959806289156422E8
616,745701080124,5640,773,1.0271184174614768E8,1.2833199860889293E8,1.0852737115791261E8
617,745739529560,6049,927,1.0461354595918049E8,1.3253354595918052E8,1.1128968321408258E8
618,745776304317,5540,786,1.0471897918944098E8,1.3233097918944098E8,1.1081523409140174E8
619,745812527723,5973,898,1.054699544352086E8,1.3102920933716926E8,1.1150501325873785E8
620,745850250355,5864,883,1.0426432733869398E8,1.3135805282889013E8,1.1065860184849797E8
621,745887743976,5460,786,1.0546354671015014E8,1.3198521337681676E8,1.1186305651407155E8
622,745923488275,5611,908,1.0494193030354567E8,1.3129436167609462E8,1.1133940089178088E8
623,745960764832,6184,950,1.042196279763847E8,1.307766083685418E8,1.1061454954501234E8
624,745997968657,6032,842,1.0690371353022346E8,1.3448898804002744E8,1.1336322333414508E8
625,746034104510,5722,1095,1.0526531114682761E8,1.309683503625137E8,1.1168144840172945E8
626,746070872939,5907,869,1.0688734475301757E8,1.3396393298831172E8,1.1293103102752732E8
627,746104789487,6319,954,1.1394337176134805E8,1.4232256783977953E8,1.2021878352605405E8
628,746142870007,5744,940,9.807738728956492E7,1.2331466179936883E8,1.0417966179936871E8
629,746178757249,5753,870,1.0452133711747117E8,1.3069816064688306E8,1.109224351566869E8
630,746220088614,5958,859,1.0500310120647693E8,1.3128643453981039E8,1.1121404238294758E8
631,746259981408,6398,871,1.0673833341966785E8,1.3382650989025627E8,1.1269211773339334E8
632,746295405341,5675,879,1.020240204589921E8,1.2736060869428603E8,1.0813715771389407E8
633,746327200083,5701,881,1.0653201161944331E8,1.3192673710963948E8,1.126476194625806E8
634,746360383588,6832,1021,1.0970802978876151E8,1.389720297887617E8,1.1622712782797737E8
635,746395975001,5679,787,1.0179125967644021E8,1.2739094595094989E8,1.0779271065683216E8
636,746434248897,6562,858,1.0693356975218642E8,1.362009226933631E8,1.1339235406591189E8
637,746475011087,5754,986,1.0238685594119716E8,1.2889148339217764E8,1.0872183633335406E8
638,746510173304,5753,827,1.0728880958133125E8,1.351995546793704E8,1.1389155467937036E8
639,746551414780,5744,763,1.0216568893387926E8,1.2711433599270287E8,1.0827951246329103E8
640,746588157737,5689,1141,1.040835305970607E8,1.3061756981274676E8,1.1069274628333506E8
641,746625079585,6514,856,1.0592417757121119E8,1.351777658065054E8,1.1225629521827017E8
642,746666307160,6486,941,1.1379210636570999E8,1.425982828362981E8,1.2054608675786656E8
643,746704813655,5998,832,1.0820379507148251E8,1.366025205616786E8,1.147190303656002E8
644,746742798719,5801,766,1.0195251352089237E8,1.2959729783461788E8,1.0823970959932368E8
645,746777797359,5726,983,1.0978080417800991E8,1.3619952966820607E8,1.1622352966820602E8
646,746816890134,5673,879,1.0818550311600105E8,1.358180913512951E8,1.1436195409639336E8
647,746852340071,6378,1002,1.0845158949886954E8,1.3795533459690884E8,1.152113738125951E8
648,746891394620,6027,872,1.052498529995304E8,1.3265548045051104E8,1.1144238241129519E8
649,746928449397,5824,875,1.061546369551739E8,1.3354483303360526E8,1.1272748009242886E8
650,746968322545,5730,941,1.0866863049399896E8,1.3558074814105773E8,1.1488214029792057E8
651,747008876359,5800,704,1.080215679008028E8,1.3449752868511677E8,1.1395980319492054E8
652,747048030262,5856,943,1.1092230973007324E8,1.386579960045831E8,1.1719070188693593E8
653,747090358675,5969,828,1.0272086356822996E8,1.2927070670548505E8,1.0910292239175937E8
654,747125912320,5924,816,1.0376212738444833E8,1.2902297052170329E8,1.0989810777660516E8
655,747163531111,5999,787,1.0718847918980366E8,1.3405036154274507E8,1.136288321309801E8
656,747201456219,5334,923,1.0153859434679522E8,1.2749361395463842E8,1.080498688565991E8
657,747234936461,5830,864,1.1008848812549596E8,1.375801744000058E8,1.1681148812549585E8
658,747273405929,5509,761,1.0713246229388674E8,1.3190797209780824E8,1.130668936664356E8
659,747312603189,5874,935,1.0544855340155216E8,1.3327037693096404E8,1.1199082791135615E8
660,747354648067,6149,866,1.0778592606256744E8,1.344976123370773E8,1.1429723978805749E8
661,747396001569,5495,812,1.0904523292827506E8,1.3440813488905957E8,1.1526146822239292E8
662,747428900433,6053,869,1.0579661238182668E8,1.330958672837873E8,1.119462790484932E8
663,747467410235,5600,820,1.0522698783494017E8,1.3178420352121447E8,1.115164584231752E8
664,747506581940,5851,1029,1.0826363537757282E8,1.348877138089455E8,1.1468767459325907E8
665,747543659219,6098,1029,1.0620941133615418E8,1.3399807800282098E8,1.125145093753698E8
666,747582476222,6002,929,1.0922373169207606E8,1.3563939835874274E8,1.1527800620188008E8
667,747619626026,5401,800,1.0049041471634574E8,1.257514735398751E8,1.0639463040262021E8
668,747654070543,6079,873,1.0925428471590658E8,1.3682420628453398E8,1.1544318667669085E8
669,747693692985,6039,911,1.0743947096002576E8,1.346756082149276E8,1.1351035331296687E8
670,747730889038,6510,982,1.0528400299412613E8,1.34675120641185E8,1.1204070887647901E8
671,747775042518,6030,856,1.0718676615581867E8,1.3473333478326973E8,1.1360366811660306E8
672,747813193729,5952,836,1.088770550036888E8,1.3604293735663E8,1.1526221186643389E8
673,747853023893,5487,753,1.0656264928516947E8,1.3188535516752243E8,1.1239192379497343E8
674,747887116444,5955,895,1.1096532017667712E8,1.3816675154922614E8,1.1709314370608902E8
675,747923532561,5587,939,1.0139548568386413E8,1.2692940725249125E8,1.0749209352700128E8
676,747962664842,6391,952,1.0912470925594495E8,1.3783012102065092E8,1.1557847396182756E8
677,748002046047,5903,772,1.0376724970780335E8,1.2905540657054837E8,1.0960848500192103E8
678,748039884180,5963,742,1.083031009264495E8,1.3626490484801832E8,1.1424257151468477E8
679,748078449992,5989,827,1.0759898718186773E8,1.3490971267206377E8,1.1380490875049503E8
680,748116085018,5812,1056,1.0107785462870449E8,1.2819524678556746E8,1.0756673698164581E8
681,748158282947,5728,909,1.0417156108576435E8,1.2984050226223499E8,1.1017918853674476E8
682,748197850774,5573,834,1.1015269889351285E8,1.362795224229246E8,1.1642430673665026E8
683,748238266804,5609,851,1.0211785327597134E8,1.2851934347204967E8,1.0827387288381453E8
684,748276434003,5857,1017,1.0634402319416642E8,1.3273355260593112E8,1.1286478790004878E8
685,748311298993,6068,971,1.0402490628579351E8,1.3258300432500924E8,1.1069467099167576E8
686,748347560913,5719,875,1.0645771789066757E8,1.3296105122400074E8,1.1245665906713785E8
687,748383294195,5986,768,1.0261494862361906E8,1.2972173293734442E8,1.0877598783930533E8
688,748425271856,5557,943,1.0661389863049181E8,1.3175856529715876E8,1.1283621235598218E8
689,748460404523,6564,821,1.0471017974979866E8,1.3540600327921042E8,1.1161147386744583E8
690,748499494412,6394,897,1.076677398898707E8,1.359324849879098E8,1.1409248498790997E8
691,748538507530,6389,847,1.1232622014185241E8,1.3986147504381314E8,1.1853955347518584E8
692,748576902084,6263,944,1.0663299653047808E8,1.3539744751087034E8,1.1313009456969388E8
693,748615709839,6910,941,1.0271352648898444E8,1.3198935001839614E8,1.0969048727329803E8
694,748656245776,5814,735,1.0556036894412561E8,1.327409375715764E8,1.1169189835589024E8
695,748692962182,6128,852,1.0825213051639195E8,1.3552316973207808E8,1.145648952222743E8
696,748731296414,5737,964,1.0348268843435042E8,1.2886706098337004E8,1.0978541392454633E8
697,748767651062,6097,1087,1.0796099852977103E8,1.3649744951016304E8,1.144732926474179E8
698,748805637469,6169,858,1.0602233403335631E8,1.3581358893531704E8,1.1229762815100329E8
699,748842803809,5700,860,1.0526238671083719E8,1.300839553382881E8,1.1115852396573915E8
700,748876792521,5192,738,1.0297845034773096E8,1.2835999936733878E8,1.0882584250459352E8
701,748911674522,5952,810,1.0801661411188163E8,1.363291239158031E8,1.1451526117070498E8
702,748951120639,5853,697,1.0772036588063344E8,1.3593352274337837E8,1.138622090178882E8
703,748988188007,6766,896,1.1261081752204598E8,1.431684645808698E8,1.1939760183577156E8
704,749026967776,6037,865,1.0900292144254278E8,1.3748358810920942E8,1.1529862732489574E8
705,749067254841,6112,894,1.1254109940037066E8,1.4052856998860604E8,1.1904841312586083E8
706,749106608567,5973,921,1.0465981178363036E8,1.3121885099931663E8,1.1087863531304222E8
707,749143004207,6005,973,1.1041063238941681E8,1.3891557356588724E8,1.1735488729137756E8
708,749181041988,5447,800,1.0695287355299042E8,1.320226186510295E8,1.129903833569119E8
709,749216782087,5860,777,1.0403027244300261E8,1.3054035087437515E8,1.0984384107045361E8
710,749250313229,5531,819,1.066556887606469E8,1.3184217895672534E8,1.1276045346652931E8
711,749288461316,6230,890,1.080978559347373E8,1.3790834613081577E8,1.1467336573865886E8
712,749326696355,6272,842,1.082525166604694E8,1.367637715624301E8,1.1484214411144985E8
713,749363027348,6073,777,1.0954043104272158E8,1.363483133956624E8,1.1576299967017236E8
714,749399280042,5715,849,1.0517075742308368E8,1.3140979663877003E8,1.1161085546229935E8
715,749435393443,5193,758,1.0292983002158315E8,1.2730371237452435E8,1.0876186923726948E8
716,749470280045,5894,798,1.0328560978694504E8,1.2879582547321948E8,1.0925966861047453E8
717,749509534264,5772,805,1.0444615881450894E8,1.3196308038313624E8,1.1078082548117548E8
718,749547989564,6173,1070,1.0765396570309024E8,1.3660559315407044E8,1.1428092648740388E8
719,749585253030,5525,779,9.968800877464266E7,1.2441544014719169E8,1.055309891667995E8
720,749618143060,5994,925,1.0601267312051421E8,1.3434126135580835E8,1.1207263390482801E8
721,749676441324,6218,873,1.0707379779700668E8,1.362447781891638E8,1.1336136642445773E8
722,749716308148,5775,868,1.0478786815753706E8,1.3155173090263513E8,1.1103973090263501E8
723,749752783416,5942,888,1.114057689607409E8,1.4005318072544652E8,1.1792078856858398E8
724,749790407060,6488,884,1.0974242844263473E8,1.3919760491322294E8,1.1650738922694859E8
725,749833347912,5990,987,1.0133198115181108E8,1.281228242890658E8,1.076951184067126E8
726,749870858015,5652,821,1.0970127493213274E8,1.36280902383113E8,1.1570062787330906E8
727,749908960751,5848,928,1.0330626627691185E8,1.3106712902200992E8,1.099652858847552E8
728,749945959957,6391,917,1.0963968134896903E8,1.3820787742740026E8,1.1598291664308666E8
729,749984640061,5887,938,1.0736587826280057E8,1.3487619198829082E8,1.1409932924319266E8
730,750023459534,6469,865,1.102187187935302E8,1.38630385460197E8,1.1660899330333422E8
731,750062268350,5507,797,9.946423027241012E7,1.2444340674299853E8,1.054182302724101E8
732,750097161456,6220,878,1.0720826026703823E8,1.358672602670382E8,1.1401127987488146E8
733,750137451460,5673,877,1.0919541802454337E8,1.350235160637592E8,1.1508739841670033E8
734,750171371739,5788,858,1.0498064366771472E8,1.3080238876575392E8,1.1139980053045987E8
735,750208433119,6458,840,1.0419179339860396E8,1.3333602869272166E8,1.1070761692801553E8
736,750247729645,5920,876,1.1039740063732003E8,1.3792657710790855E8,1.1680300848045713E8
737,750284957151,5636,912,1.0822829671845368E8,1.3343663005178703E8,1.1420068887531666E8
738,750319663918,5700,800,1.025918015893443E8,1.2655391923640296E8,1.0855174276581499E8
739,750361943963,5524,766,1.0285585989759006E8,1.2780184028974698E8,1.0879021283876647E8
740,750398590488,6073,906,1.1304385637540472E8,1.417452877479538E8,1.1960483676756158E8
741,750439148419,5710,883,1.0377577600516097E8,1.3023320737771E8,1.0982405051496492E8
742,750475014021,5820,908,1.0425533322856508E8,1.3240460773836888E8,1.1121170577758455E8
743,750512113650,5769,777,1.0296216393587388E8,1.2839279138685426E8,1.0909967373979543E8
744,750547067064,5834,782,1.0365145783443095E8,1.2864294803050935E8,1.0982375195207803E8
745,750582420039,6374,925,1.0576186595184973E8,1.3466392477537936E8,1.125984737949872E8
746,750622234665,6088,750,1.0578769499120182E8,1.331687538147314E8,1.1207620479512331E8
747,750666268373,5352,735,1.0314415664963937E8,1.2870729390454133E8,1.0915337233591376E8
748,750707418644,5779,797,1.0701744572867994E8,1.343999555326014E8,1.1317770063064069E8
749,750745281140,6050,1005,1.0321022304071319E8,1.3065583088385044E8,1.0970806617796788E8
750,750785347674,5680,759,1.1003132260650924E8,1.3569020495945048E8,1.1599045986141118E8
751,750822838006,5623,772,1.0767136390558773E8,1.3291528547421527E8,1.1349885410166615E8
752,750859159739,5770,906,1.0655326852744186E8,1.3385330774312826E8,1.1312391558626552E8
753,750899500018,5851,960,1.0835643771811008E8,1.352095553651685E8,1.1474477105144326E8
754,750939130955,6315,1020,1.0728813051998782E8,1.3563652267685053E8,1.1398593444155635E8
755,750978159131,6199,845,1.1168566470828351E8,1.391472137278912E8,1.1831878235534215E8
756,751014899883,5821,908,1.044742104296843E8,1.2997260258654705E8,1.1075415160615492E8
757,751056022511,5715,885,1.0777339350794129E8,1.351651974295097E8,1.140350405667647E8
758,751094538224,5591,924,1.0664027771117918E8,1.3275131692686552E8,1.1266798359353204E8
759,751133481871,6416,931,1.0544133553397325E8,1.3450231592613003E8,1.1200355122024752E8
760,751173880596,6009,945,1.0085496930599245E8,1.271838124432475E8,1.073110869530514E8
761,751211538698,5815,975,1.036181566107628E8,1.295688036695864E8,1.1014672523821376E8
762,751248150887,5660,758,1.0408473343800762E8,1.3037404716349767E8,1.1041943932036035E8
763,751284543678,6167,1016,1.0860245943090972E8,1.3720579276424298E8,1.1516510648973325E8
764,751322115682,6069,939,1.0604892951394987E8,1.3466389029826367E8,1.125405373570872E8
765,751366581480,6096,970,1.0760219131706941E8,1.3417989719942226E8,1.1393891680726531E8
766,751406969823,6326,922,1.0633406404926312E8,1.3474386797083178E8,1.1256629934338085E8
767,751442556086,6247,903,1.0800826290784426E8,1.3481502761372665E8,1.1445949820196187E8
768,751481801362,5838,990,1.0516366416103736E8,1.3278293867084117E8,1.119193896512334E8
769,751520289547,6052,910,1.074159737882723E8,1.348532482980762E8,1.1412830712160565E8
770,751558250177,5625,818,1.0081070910507706E8,1.2748886596782221E8,1.0710039537958694E8
771,751596018460,5965,841,1.1229636274389246E8,1.411005588223236E8,1.1850071568506889E8
772,751632815684,5868,950,1.0371325960936397E8,1.3047967137407E8,1.0993274980544245E8
773,751669470111,6507,989,1.0696773332849441E8,1.3366455685790624E8,1.1317379215202399E8
774,751707200129,6650,887,1.065297231314344E8,1.352338603863362E8,1.1283287999417944E8
775,751754180681,5802,922,1.0919170538577308E8,1.358000191112633E8,1.1550511715047887E8
776,751791748927,6234,896,1.0659765986485608E8,1.3359338535505235E8,1.1297585594328763E8
777,751828375659,6201,953,1.0636445916759358E8,1.344867140695543E8,1.1286491014798583E8
778,751865888880,5961,978,1.0648653619671631E8,1.3403063423593234E8,1.1328845776534407E8
779,751903028287,6304,819,1.0564409081769171E8,1.3340456140592697E8,1.1203746336671117E8
780,751940412667,5674,735,1.0493477878192979E8,1.3109795525251812E8,1.1104819054663557E8
781,751976098083,6126,1019,1.0328128586056058E8,1.3046007017428638E8,1.0976089370369802E8
782,752014162100,6029,836,1.1087390303012958E8,1.3819972655954126E8,1.1716553048110989E8
783,752050370501,6134,879,1.0496345979272582E8,1.3333112645939243E8,1.1138045979272568E8
784,752090919307,6338,981,1.0614942137816116E8,1.3547195078992584E8,1.1278624490757294E8
785,752126944617,6133,805,1.0241924232213563E8,1.3126820310644914E8,1.0900163447899835E8
786,752163790129,5881,875,1.0500936801766561E8,1.3170221115492034E8,1.1129623076276372E8
787,752200485002,6013,827,1.0977627746815813E8,1.378147872720797E8,1.160469049191384E8
788,752236799329,6167,1001,1.1339082859405199E8,1.4170047565287575E8,1.2040165212346391E8
789,752274889167,5972,984,1.0901104326746374E8,1.3636710209099314E8,1.1520643542432645E8
790,752317221630,5814,1028,1.0609981413557698E8,1.3332004942969461E8,1.1222136315518476E8
791,752359229075,5872,951,1.0671923021786901E8,1.3384985766884935E8,1.1300060276688863E8
792,752397262112,6123,847,1.0498678504818252E8,1.3352184387171195E8,1.1166402034230031E8
793,752432972787,5781,928,1.0347458412430798E8,1.3075029000666109E8,1.0974579981058258E8
794,752468989182,5970,781,1.078106143732311E8,1.3554457515754488E8,1.1436002613793696E8
795,752507633402,6302,880,1.0773691109516339E8,1.3620957776183018E8,1.1417985227163407E8
796,752547985376,6449,904,1.0648334125540715E8,1.3490328243187767E8,1.1327538047109349E8
797,752585797570,5824,908,1.0542235515801737E8,1.3106170809919372E8,1.1160292378546827E8
798,752621434669,6239,834,1.0957101155352977E8,1.375711095927457E8,1.1602712920058869E8
799,752659728225,5447,813,1.0864709394016397E8,1.342002704107519E8,1.1454538805781084E8
800,752694718585,6001,779,1.022147692721382E8,1.2932978887998122E8,1.0838200456625578E8
801,752734711935,6135,995,1.0686421840690386E8,1.3662164977945274E8,1.1371553213239388E8
802,752771088061,6330,904,1.0926460973848428E8,1.3802037444436657E8,1.1612623718946466E8
803,752808558284,5899,811,1.0524131819022064E8,1.3327874956276967E8,1.1148939662159306E8
804,752848500730,5767,917,1.052781658340906E8,1.3192196975565909E8,1.1158383250075717E8
805,752883788705,5877,868,1.0680649604910977E8,1.344754764412665E8,1.1317982938244298E8
806,752919095797,5671,908,1.0563714312376128E8,1.3301547645709468E8,1.1172167253552608E8
807,752957659325,6157,781,1.0418823133596739E8,1.3100585878694794E8,1.1026407447322245E8
808,752994197106,6048,834,1.0731302287730044E8,1.3575496405377117E8,1.1351790523024172E8
809,753033783998,6020,805,1.123280589633808E8,1.4101380406142E8,1.185534315124003E8
810,753071636986,5871,798,1.0773616153667237E8,1.3362455369353524E8,1.1373688702686852E8
811,753110204799,5763,807,1.0254898410316272E8,1.286852978286531E8,1.0821086645610388E8
812,753143682677,6447,913,1.1054877351035178E8,1.3855389115741062E8,1.1682051860839102E8
813,753183614847,5571,831,1.003033681302267E8,1.2569356420865798E8,1.0632503479689345E8
814,753219136859,6390,947,1.0694896672724745E8,1.3451331966842386E8,1.1344757457038468E8
815,753259053862,5607,890,1.0290985004661936E8,1.2759057553681548E8,1.0874361475250177E8
816,753293635382,5876,970,1.0928487558162594E8,1.3623093440515533E8,1.1555995401299845E8
817,753329380575,5354,927,1.0469265880919673E8,1.2959958037782408E8,1.1085171763272607E8
818,753362686809,6333,788,1.1080750077878712E8,1.385590890140812E8,1.1727565764153211E8
819,753405435988,6415,974,1.0634524867978004E8,1.3276871926801533E8,1.1251307220919184E8
820,753443019148,5828,913,1.0408753048567347E8,1.30420608917046E8,1.1070292264253622E8
821,753482413503,6141,819,1.0859118947730407E8,1.3618683653612775E8,1.1475632673220618E8
822,753520385355,6319,928,1.0669827934193832E8,1.3602447542036977E8,1.1364204404782078E8
823,753556873335,5725,947,1.0566778014412871E8,1.3183448602648182E8,1.1183497622256036E8
824,753593477400,6165,987,1.099842223976216E8,1.3796024200546482E8,1.1638151651526882E8
825,753631727554,6050,800,1.0548629651945272E8,1.3337855142141351E8,1.1195333573513885E8
826,753667003016,6089,753,1.062401379673437E8,1.348893144379318E8,1.1271117718302983E8
827,753705935346,5899,910,1.0375497046844816E8,1.2977402929197733E8,1.1005920576256573E8
828,753745179567,5611,799,1.0629401438182096E8,1.3246723006809549E8,1.1262166144064452E8
829,753780424718,5928,879,1.071367042163745E8,1.3501866500068828E8,1.1338052774578628E8
830,753820752612,5877,809,1.1184162727278827E8,1.383521762923963E8,1.1811156844925883E8
831,753859132901,6325,790,1.0873772736604106E8,1.3748841364055094E8,1.1529941364055102E8
832,753898854640,6295,1042,1.1148843922950965E8,1.4023483138637245E8,1.1821726275892136E8
833,753939091565,6164,830,1.0417267483775346E8,1.3206989052402814E8,1.1051347875932208E8
834,753977358725,5672,794,1.0726242748852174E8,1.3320923141009031E8,1.131702902336196E8
835,754011152431,6262,894,1.0579390025872774E8,1.3413315516068849E8,1.119113708469632E8
836,754050960932,5657,939,1.0358877041843924E8,1.2996202532040001E8,1.098449468890274E8
837,754086806202,5543,829,1.0628451197184303E8,1.3189241393262725E8,1.1246949236400007E8
838,754125169420,5710,799,1.0575328278949317E8,1.3125369455419897E8,1.1182100827968921E8
839,754163257701,6433,868,1.1070918175224109E8,1.4045598567380953E8,1.1740502488949592E8
840,754203651737,5860,799,1.0728861741663359E8,1.3279240173035887E8,1.1329540173035903E8
841,754238280179,6592,908,1.0917448458031894E8,1.3821122967835808E8,1.1567424928620131E8
842,754278267922,5576,931,1.0757429102061038E8,1.3278919298139477E8,1.1374691847159083E8
843,754314691824,5781,931,1.1064828163742425E8,1.3941657575507125E8,1.1724120320605172E8
844,754355360024,5745,816,1.0575685749897934E8,1.3231954377348906E8,1.1190693593035188E8
845,754395564774,5743,761,1.1089502390929335E8,1.3792063175243062E8,1.1671572979164636E8
846,754434152642,5678,900,1.0449207135561717E8,1.2989346351247963E8,1.1079795370855826E8
847,754469707395,5593,742,1.0543204196852191E8,1.3165155177244364E8,1.1152374785087493E8
848,754506774872,5381,832,1.0911114532633409E8,1.34298027679275E8,1.1513455709103985E8
849,754542201327,6322,825,1.0424225246100336E8,1.3131484069629726E8,1.1039286030414064E8
850,754579417837,6111,897,1.149287411316172E8,1.4205658426887226E8,1.215546627002447E8
851,754616350272,5793,1027,1.0526177777409008E8,1.3238473855840354E8,1.1192469934271751E8
852,754653243217,6247,869,1.0771479059545827E8,1.350805553013406E8,1.14246731771929E8
853,754692480198,5753,900,1.0807805526227008E8,1.3595662388972127E8,1.146996827132507E8
854,754730049929,6049,824,1.0703318214451663E8,1.355856331249088E8,1.1330528018373239E8
855,754769183301,6430,814,1.0950519495884322E8,1.3790037142943147E8,1.1579703809609805E8
856,754807069064,6286,968,1.1307550846105605E8,1.4103137120615426E8,1.1936413591203626E8
857,754846354396,5843,855,1.0496267908703053E8,1.3202352222428557E8,1.1120026732232478E8
858,754882914960,5849,822,1.0400154368298207E8,1.3049844564376634E8,1.104209750555311E8
859,754920888811,5587,763,1.0720496555877213E8,1.3328325967641923E8,1.131612204607328E8
860,754959251559,6157,880,1.0958974234520707E8,1.3794182077657977E8,1.1625450705108966E8
861,755000116206,6520,831,1.1261413003027911E8,1.4172503199106348E8,1.1934679669694577E8
862,755039828679,5745,911,1.056032168629031E8,1.328793933334913E8,1.1181106000015776E8
863,755078571588,5861,909,1.0604176761002731E8,1.3274641466885102E8,1.1247266957081172E8
864,755116804499,5729,920,1.0542539370203038E8,1.3121017801575573E8,1.1141647213340275E8
865,755151210138,5237,871,1.0463160595640422E8,1.3054911576032577E8,1.1106062556424735E8
866,755188349147,6134,970,1.0847916384120624E8,1.3682971286081412E8,1.147818893314023E8
867,755227243223,5570,778,1.0448870132162602E8,1.3011562289025378E8,1.104588581843712E8
868,755261736538,6233,946,1.00860348528599E8,1.2798927009722646E8,1.0732705441095199E8
869,755316250104,6072,800,1.0468269066710927E8,1.3089598478475635E8,1.1097557302005056E8
870,755352039960,5875,920,1.061655702548926E8,1.3451084476469663E8,1.1299929574508885E8
871,755388281888,5720,903,1.0362871677155977E8,1.296881285362654E8,1.0962632461469679E8
872,755424115598,6192,756,1.0731010132944395E8,1.352944542706203E8,1.1359965034905171E8
873,755460444653,6168,805,1.0469887999642219E8,1.3242464470230465E8,1.1123078195720671E8
874,755502738064,5981,889,1.0540450035815538E8,1.335649513385476E8,1.1175959839737128E8
875,755540457010,5817,828,1.0999552396128546E8,1.3549856317697203E8,1.1598589651030523E8
876,755576322226,6135,887,1.0842462457878526E8,1.365163108532952E8,1.1488570301015796E8
877,755615459535,5824,740,1.0447208350408342E8,1.3214371095506383E8,1.1056778938643652E8
878,755655126079,6391,1024,1.0358969241541734E8,1.3000945712129956E8,1.0965804535659368E8
879,755694956369,5956,844,1.0326416167453557E8,1.2985663226277104E8,1.09384926380418E8
880,755735389632,6049,870,1.0584319595239201E8,1.3259084301121554E8,1.1214776457984291E8
881,755773521580,6038,798,1.0570380982087667E8,1.3443741766401368E8,1.121876725659746E8
882,755814379738,6423,874,1.0577112309661615E8,1.3343431917504725E8,1.1222178976328263E8
883,755852719273,6032,850,1.0317134151751597E8,1.2900653759594719E8,1.0913047877241792E8
884,755887384446,5681,787,1.0591722292049289E8,1.3247096801853219E8,1.1190034056755182E8
885,755926722739,5628,848,1.0648052847491273E8,1.3270568533765773E8,1.1289888141608919E8
886,755961225365,5535,808,1.0105129270999017E8,1.2810805741587271E8,1.0737213584724517E8
887,755996344696,5781,936,1.0735167752569517E8,1.3426926576098904E8,1.1393548144726373E8
888,756031024616,5464,742,1.055751169666701E8,1.3163450912353264E8,1.116807248098071E8
889,756065649761,5617,866,1.0296425453086166E8,1.2928735257007754E8,1.0907903884458722E8
890,756100886510,5475,878,1.0630956259003611E8,1.3160734690376164E8,1.1246920964885963E8
891,756138893164,6261,842,1.078903143660452E8,1.3682402024839798E8,1.1451517711114295E8
892,756176726845,5615,982,1.1067599519038619E8,1.375959559747E8,1.170038775433275E8
893,756214604356,6238,884,1.0596656332250348E8,1.3330993587152322E8,1.1200593587152326E8
894,756251029887,6440,920,1.1232732844870998E8,1.407122696251807E8,1.1913479903694549E8
895,756287439442,5735,882,1.0678541520067646E8,1.3340578774969599E8,1.1314541520067641E8
896,756325804171,5969,881,1.0431648019937736E8,1.3075912725820085E8,1.1066700961114207E8
897,756360458987,6257,927,1.0483969674804688E8,1.3216979478726251E8,1.1146336341471349E8
898,756400000637,6019,1110,1.0875894002964506E8,1.3543325375513542E8,1.1510178316690013E8
899,756438621525,6309,893,1.044381106928315E8,1.3073289500655682E8,1.107615812810666E8
900,756478470681,6414,818,1.0743600503604586E8,1.3523598542820263E8,1.1356365209486927E8
901,756519427805,6032,825,1.1058221664055808E8,1.3874592252291092E8,1.1689643232683264E8
902,756557971054,6134,871,1.0953085667094769E8,1.3857381745526132E8,1.1597568020035946E8
903,756599614521,5662,845,1.0253665084469497E8,1.2868092535449885E8,1.0875369006038114E8
904,756636121269,6566,788,1.0774096807317697E8,1.3599367395552993E8,1.1419263473984373E8
905,756676976843,6218,755,1.0784734962035683E8,1.350100358948666E8,1.1383997707133703E8
906,756714640205,6551,1009,1.0949499113813296E8,1.3976320682440728E8,1.165423832949956E8
907,756761409098,5696,845,1.0610642095430559E8,1.3265249938567805E8,1.123952640915605E8
908,756797263676,5901,970,1.1065086636397597E8,1.379218271482897E8,1.1711237616789745E8
909,756833078726,5431,828,1.0091726699827774E8,1.2549201209631705E8,1.0695624739043473E8
910,756869178379,6128,880,1.0473441586618634E8,1.3480174919951978E8,1.1147663155246088E8
911,756910647145,6520,971,1.0812734815482841E8,1.3853117168424013E8,1.1476754423325992E8
912,756950719423,6243,921,1.1080337386771463E8,1.3850394249516568E8,1.1680464837751855E8
913,756986201695,6037,802,1.0701916012203452E8,1.3406078757301483E8,1.1349094443576008E8
914,757023857567,5739,900,1.0692677193897858E8,1.3500390919388062E8,1.1367690919388072E8
915,757060230367,6151,782,1.0899755552339256E8,1.3662596728809816E8,1.1523012415084337E8
916,757097263580,6030,974,1.0230834881446116E8,1.2938195665759815E8,1.0872270175563762E8
917,757135748510,6053,913,1.0921963866489138E8,1.3680475631195015E8,1.15624285723715E8
918,757176828380,5946,884,1.0798740889198563E8,1.3478789908806413E8,1.142740167351229E8
919,757211517225,6181,906,1.10959377408075E8,1.3846418132964388E8,1.174455930943496E8
920,757253224741,5906,877,1.0851969465742193E8,1.3589938093193182E8,1.1482871426526514E8
921,757288989009,5894,754,1.0577778724749881E8,1.333160813651458E8,1.1193874803181238E8
922,757335211041,6095,945,1.1426259361784045E8,1.4301390734333062E8,1.2105716224529152E8
923,757374529117,5964,920,1.0482579761639427E8,1.3197726820462923E8,1.1123834663600199E8
924,757409705135,5961,783,1.0536573100079463E8,1.3208914276550052E8,1.1138422119687301E8
925,757447092904,5765,805,1.1073625459810063E8,1.375404310686888E8,1.167484310686887E8
926,757487828918,5992,797,1.0442222409739326E8,1.3155273390131499E8,1.105467535091581E8
927,757527533135,6464,899,1.0927070127785695E8,1.3970001500334755E8,1.1615038755236699E8
928,757570666966,6096,941,1.1215335342034082E8,1.393397259693605E8,1.1850898087132129E8
929,757609567107,5472,959,1.0693511678095157E8,1.3280933246722583E8,1.1341090109467688E8
930,757646019154,6243,869,1.1024894475775403E8,1.391020427969699E8,1.1683818005187193E8
931,757687734681,6356,862,1.0874668743220086E8,1.383069227263184E8,1.1549700115769109E8
932,757732450264,5908,793,1.0644718101768583E8,1.34267043762784E8,1.1310161239023489E8
933,757772025348,6112,971,1.0995954252805538E8,1.3849179743001604E8,1.1637885625354554E8
934,757814745488,5813,995,1.0393957304007493E8,1.2971357304007488E8,1.1024633774595712E8
935,757849419002,5321,797,9.900706832678255E7,1.2308961734639049E8,1.0489389185619429E8
936,757885634296,6243,1001,1.1020467009000064E8,1.3822525832529464E8,1.168909053841181E8
937,757924110902,6123,800,1.0840047015371194E8,1.3559786231057468E8,1.1487090152626097E8
938,757964505287,6643,881,1.0638099007803856E8,1.3469318615647006E8,1.1280687243097986E8
939,758005187911,5991,972,1.0537451548202498E8,1.3329737822712311E8,1.1189492724673095E8
940,758045125524,5616,763,1.0785866216823572E8,1.3348111314862788E8,1.1395066216823576E8
941,758082654896,5679,848,1.0595884546162955E8,1.3245345330476695E8,1.1215478663810043E8
942,758119811400,5599,862,1.0254624055154473E8,1.2844888761036822E8,1.0893733859076041E8
943,758156958888,6214,857,1.0814264697023894E8,1.3516364697023886E8,1.1451550971533708E8
944,758193315560,6063,927,1.0633446331273866E8,1.3517805154803297E8,1.1263381625391525E8
945,758231060639,5788,862,1.0506116118986033E8,1.3144612197417414E8,1.1109814158201711E8
946,758270282920,5933,1195,1.0775986880325936E8,1.3476428056796518E8,1.1447394723463184E8
947,758308443250,6159,985,1.0726516321742398E8,1.3644396713899255E8,1.141057906684044E8
948,758349346323,6078,797,1.0642708757437167E8,1.352522248292737E8,1.1292226404496007E8
949,758392311225,6140,824,1.0338979063207908E8,1.3061014357325561E8,1.0944159455364782E8
950,758429860282,6444,935,1.0983224492736138E8,1.3736834296657708E8,1.1621979394696924E8
951,758467032114,5674,882,1.0146258740226601E8,1.2823258740226609E8,1.0795176387285428E8
952,758507255237,5920,974,1.0650741460416573E8,1.3405633617279333E8,1.1297623813357772E8
953,758545193978,5716,861,1.0311012631563841E8,1.2923212631563848E8,1.0915177337446189E8
954,758580253955,5732,917,1.0196642380160116E8,1.2658871791924833E8,1.0788636497807196E8
955,758614141204,6387,914,1.0738380093276727E8,1.3477570289355174E8,1.1383329112884566E8
956,758652428772,5869,907,1.0725840040318175E8,1.3442773373651505E8,1.1349763569729936E8
957,758688090080,6168,954,1.0710971591767721E8,1.3492385317257932E8,1.1327067670199087E8
958,758725467054,5622,775,1.0178765961124544E8,1.2695575765046135E8,1.0773213019948088E8
959,758760615540,5921,790,1.0193415650438727E8,1.2789994081811266E8,1.0798945062203424E8
960,758797650493,6375,893,1.1133782924310718E8,1.4061475081173453E8,1.1798818218428358E8
961,758840312413,5258,742,1.0420311082901894E8,1.3036877749568576E8,1.1019373827999943E8
962,758879010806,6110,734,1.0752887396834801E8,1.352914622036422E8,1.1346218769383837E8
963,758916621484,5619,839,1.0481553834359372E8,1.3105145991222113E8,1.1098875402986826E8
964,758951088392,5963,784,1.0759396244599038E8,1.3421204087736301E8,1.138815898969709E8
965,758988563540,6014,919,1.1173477289005707E8,1.3880669445868444E8,1.1864171406652758E8
966,759024698435,5855,767,1.0326015428809935E8,1.2904982095476621E8,1.0925654644496207E8
967,759059104223,6294,934,1.0712827357756105E8,1.343962343618746E8,1.1355709710697274E8
968,759095366087,6125,973,1.0680044494702514E8,1.3427042533918187E8,1.1313458220192708E8
969,759131558120,5952,798,1.1288097157985672E8,1.3882197157985675E8,1.189038343249547E8
970,759166502991,5833,821,1.1005411754683635E8,1.3722435284095395E8,1.1661645088016972E8
971,759205726711,6252,850,1.0720797222858514E8,1.3506150164034972E8,1.1353789379721257E8
972,759243011757,6013,878,1.0887362638468815E8,1.3666362638468823E8,1.1534978324743333E8
973,759281848701,6174,821,1.0873411042085417E8,1.3682789473457962E8,1.1471934571497156E8
974,759318357823,5669,779,1.087127443768658E8,1.342229992788266E8,1.1464876398470894E8
975,759355261162,5655,754,1.0633273648292495E8,1.3213983452214068E8,1.1214401099272889E8
976,759395046087,6049,942,1.0638216789651395E8,1.3398065809259224E8,1.1291644240631777E8
977,759435490962,5932,838,1.0827027582925013E8,1.355853346527795E8,1.1457919739787744E8
978,759474868603,5905,977,1.0932519673913042E8,1.3658992222932652E8,1.1573076536658145E8
979,759515827347,5385,833,1.0144612432258612E8,1.264835753029782E8,1.0741094785199784E8
980,759552791832,5992,891,1.0420930045029338E8,1.3149049652872498E8,1.1059814358754848E8
981,759589717867,5553,893,1.0792119460431446E8,1.3294860636902007E8,1.1404590048666729E8
982,759628690773,6055,821,1.0868968533365625E8,1.3740019513757774E8,1.1531943043169539E8
983,759666424967,6329,1128,1.099326177110517E8,1.394736765345811E8,1.1688920594634588E8
984,759707352884,5962,930,1.0575134943519402E8,1.3321797688617459E8,1.121477808077431E8
985,759744381946,5860,972,1.0697974627806573E8,1.3404094235649706E8,1.1335035412120284E8
986,759782265367,6157,880,1.038406330571523E8,1.3232306442970136E8,1.1053106442970128E8
987,759823795396,5706,884,1.0061862152226648E8,1.2604401367912926E8,1.0685317054187422E8
988,759859749049,5761,906,1.0740497975125143E8,1.3401952877085921E8,1.1395723465321225E8
989,759899481205,6549,883,1.1002794704833923E8,1.4006108430324104E8,1.1658765293069193E8
990,759939754666,5993,840,1.0531088353124195E8,1.3233019725673224E8,1.1124690313908517E8
991,759978956546,5945,963,1.0257955913212717E8,1.3034830423016618E8,1.0902704932820533E8
992,760017183085,5935,833,1.0519439743366998E8,1.3317996606112073E8,1.1135669155131695E8
993,760053776774,6356,777,1.0945479443187112E8,1.3893001011814567E8,1.1595446109853773E8
994,760091264378,6290,891,1.0853799572953382E8,1.374096035726712E8,1.1537789769031815E8
995,760129963430,5520,976,1.0218855644545758E8,1.2834663487683016E8,1.0844147801408501E8
996,760166709573,5774,924,1.0764588279190521E8,1.3375966710563068E8,1.140775298507287E8
997,760204374642,5389,962,1.0445957910276878E8,1.2912744184786677E8,1.1059246145570996E8
998,760238626117,6050,785,1.0681634882101776E8,1.3533338803670424E8,1.1328660372297882E8
999,760275670362,6364,837,1.0880441319781557E8,1.3848166809977645E8,1.156561190801685E8
